,param_config,rmse_dict,r_2_dict,stratification_dict,average_r_2,average_rmse
0,"('rbf', 0.05, 0.05)","{'fold_0': 0.4200533151223681, 'fold_1': 0.5830936490832653, 'fold_2': 0.5309839994110555, 'fold_3': 0.7017947260746328, 'fold_4': 0.6979698971700904, 'fold_5': 0.7473653681635762, 'fold_6': 0.5289370580700167, 'fold_7': 0.705989743035834, 'fold_8': 0.5255666499750185, 'fold_9': 0.756798043383617}","{'fold_0': 0.8857460889619939, 'fold_1': 0.8435885905609293, 'fold_2': 0.7976904219413242, 'fold_3': 0.6909807589405281, 'fold_4': 0.7837908072149902, 'fold_5': 0.7553671484070601, 'fold_6': 0.8264403870627479, 'fold_7': 0.750786535383035, 'fold_8': 0.8108118810134514, 'fold_9': 0.7537078994513545}",{},0.7899,0.62
1,"('rbf', 0.05, 0.1)","{'fold_0': 0.42264594935684763, 'fold_1': 0.583565149719885, 'fold_2': 0.536374008017924, 'fold_3': 0.7003076078762948, 'fold_4': 0.7018660720744995, 'fold_5': 0.7514892873946724, 'fold_6': 0.5274587608232819, 'fold_7': 0.7106697021613947, 'fold_8': 0.5250891967979813, 'fold_9': 0.759645561089356}","{'fold_0': 0.8843313506701324, 'fold_1': 0.8433355337962323, 'fold_2': 0.793562294017308, 'fold_3': 0.6922890082725361, 'fold_4': 0.7813702443620174, 'fold_5': 0.752659959816715, 'fold_6': 0.8274091758951502, 'fold_7': 0.7474715452394078, 'fold_8': 0.8111554623226476, 'fold_9': 0.7518510222732506}",{},0.7885,0.622
2,"('rbf', 0.05, 0.15)","{'fold_0': 0.4251314839471851, 'fold_1': 0.5893991551889675, 'fold_2': 0.5364832811477764, 'fold_3': 0.7051571906808282, 'fold_4': 0.7058782680844622, 'fold_5': 0.7510863895494269, 'fold_6': 0.5300337960132973, 'fold_7': 0.7159775028915849, 'fold_8': 0.5274826319505036, 'fold_9': 0.7641324842437887}","{'fold_0': 0.8829668809395232, 'fold_1': 0.840187470650786, 'fold_2': 0.7934781721480677, 'fold_3': 0.6880124964895062, 'fold_4': 0.7788635193039815, 'fold_5': 0.7529251027997454, 'fold_6': 0.8257198977250148, 'fold_7': 0.7436853245899488, 'fold_8': 0.8094299754143162, 'fold_9': 0.748910930917945}",{},0.7864,0.625
3,"('rbf', 0.05, 0.2)","{'fold_0': 0.4272558087863563, 'fold_1': 0.5921650581699806, 'fold_2': 0.5459654913158339, 'fold_3': 0.712171514268641, 'fold_4': 0.7078615132691664, 'fold_5': 0.7502620115091481, 'fold_6': 0.526132815841917, 'fold_7': 0.7136867716987916, 'fold_8': 0.5274604080273407, 'fold_9': 0.7673657937696564}","{'fold_0': 0.8817943612720989, 'fold_1': 0.8386840307285977, 'fold_2': 0.786113210240981, 'fold_3': 0.6817748364544314, 'fold_4': 0.7776191575394292, 'fold_5': 0.7534671745055904, 'fold_6': 0.8282758153878094, 'fold_7': 0.7453228306446426, 'fold_8': 0.8094460332865868, 'fold_9': 0.7467815454976783}",{},0.7849,0.627
4,"('rbf', 0.05, 0.25)","{'fold_0': 0.4327411666794241, 'fold_1': 0.598953791659982, 'fold_2': 0.5489477952057831, 'fold_3': 0.7146170232837724, 'fold_4': 0.7056125151024735, 'fold_5': 0.7543615065938559, 'fold_6': 0.5307683771455315, 'fold_7': 0.7135991046455601, 'fold_8': 0.5281453908124346, 'fold_9': 0.7727261933313546}","{'fold_0': 0.8787396924337847, 'fold_1': 0.8349640930484313, 'fold_2': 0.7837701406022095, 'fold_3': 0.6795855922887907, 'fold_4': 0.7790299973476796, 'fold_5': 0.7507656615489526, 'fold_6': 0.8252364885909153, 'fold_7': 0.7453853942974131, 'fold_8': 0.8089507887590204, 'fold_9': 0.7432314968380447}",{},0.783,0.63
5,"('rbf', 0.05, 0.5)","{'fold_0': 0.4677735329431056, 'fold_1': 0.6504349352767822, 'fold_2': 0.6037070560488742, 'fold_3': 0.7618347207132007, 'fold_4': 0.7471883577949421, 'fold_5': 0.7916227504681514, 'fold_6': 0.5594964438500553, 'fold_7': 0.7571925486088247, 'fold_8': 0.5534285740096523, 'fold_9': 0.8211659955878425}","{'fold_0': 0.8583118489607777, 'fold_1': 0.8053745964925394, 'fold_2': 0.7384792943583774, 'fold_3': 0.6358445242417041, 'fold_4': 0.7522230153000126, 'fold_5': 0.7255360098668118, 'fold_6': 0.8058062075696448, 'fold_7': 0.7133266094415005, 'fold_8': 0.7902212864556978, 'fold_9': 0.710030449379796}",{},0.7535,0.671
6,"('rbf', 0.05, 1.0)","{'fold_0': 0.6362120440771849, 'fold_1': 0.8383695727745683, 'fold_2': 0.78349125878647, 'fold_3': 0.9157609969701123, 'fold_4': 0.880869847192931, 'fold_5': 0.9050896989593146, 'fold_6': 0.6932781619464348, 'fold_7': 0.9057247870520024, 'fold_8': 0.6871759512609902, 'fold_9': 0.9917147832753407}","{'fold_0': 0.7379006070271807, 'fold_1': 0.6766574768425647, 'fold_2': 0.5595243686615452, 'fold_3': 0.47382573097034764, 'fold_4': 0.6556308339924118, 'fold_5': 0.6412168130971649, 'fold_6': 0.7018356452639849, 'fold_7': 0.5898268513647555, 'fold_8': 0.67657456895118, 'fold_9': 0.5770743202595701}",{},0.629,0.824
7,"('rbf', 0.1, 0.05)","{'fold_0': 0.4241098106902191, 'fold_1': 0.49722761215085737, 'fold_2': 0.49818617602610443, 'fold_3': 0.6311632732151253, 'fold_4': 0.6064837526366348, 'fold_5': 0.6350074737285416, 'fold_6': 0.4569130856619227, 'fold_7': 0.6371504351521031, 'fold_8': 0.4528963390140181, 'fold_9': 0.6948707986551639}","{'fold_0': 0.8835287115165342, 'fold_1': 0.8862628653378475, 'fold_2': 0.8219110717631363, 'fold_3': 0.7500525210483631, 'fold_4': 0.836755291594157, 'fold_5': 0.8233935696473597, 'fold_6': 0.8704886368711071, 'fold_7': 0.7970174574909763, 'fold_8': 0.8595130832590422, 'fold_9': 0.7923659362174632}",{},0.8321,0.553
8,"('rbf', 0.1, 0.1)","{'fold_0': 0.4197352571596667, 'fold_1': 0.49668515606648744, 'fold_2': 0.49975234976421423, 'fold_3': 0.6297367227135039, 'fold_4': 0.6040255030777892, 'fold_5': 0.6425948459216692, 'fold_6': 0.46375787203432456, 'fold_7': 0.6455343973109988, 'fold_8': 0.46494891404426697, 'fold_9': 0.6963778624144665}","{'fold_0': 0.8859190460941521, 'fold_1': 0.8865108955938952, 'fold_2': 0.8207895768654027, 'fold_3': 0.7511811030379009, 'fold_4': 0.8380759632438857, 'fold_5': 0.8191480004942296, 'fold_6': 0.866579282640371, 'fold_7': 0.79164040855794, 'fold_8': 0.8519362527748533, 'fold_9': 0.7914643093030485}",{},0.8303,0.556
9,"('rbf', 0.1, 0.15)","{'fold_0': 0.42483372123672936, 'fold_1': 0.4988515733207605, 'fold_2': 0.4969648743384821, 'fold_3': 0.6237000600274244, 'fold_4': 0.6005953173703411, 'fold_5': 0.6447663226983925, 'fold_6': 0.46233292257381337, 'fold_7': 0.6468406593910035, 'fold_8': 0.4688867119104439, 'fold_9': 0.6948111092875232}","{'fold_0': 0.8831307638615385, 'fold_1': 0.885518713921321, 'fold_2': 0.822783170261365, 'fold_3': 0.7559285996723062, 'fold_4': 0.8399098341853573, 'fold_5': 0.8179236537430671, 'fold_6': 0.8673979240534264, 'fold_7': 0.7907963091277794, 'fold_8': 0.8494176358432239, 'fold_9': 0.7924016061972331}",{},0.8305,0.556
10,"('rbf', 0.1, 0.2)","{'fold_0': 0.42883782233385753, 'fold_1': 0.5044179757770126, 'fold_2': 0.5039296626720547, 'fold_3': 0.6196036018175675, 'fold_4': 0.6008981757787514, 'fold_5': 0.6462029869604627, 'fold_6': 0.4565178490412688, 'fold_7': 0.6466458774269954, 'fold_8': 0.46784979911887103, 'fold_9': 0.695675399469107}","{'fold_0': 0.8809173731595361, 'fold_1': 0.8829495959859626, 'fold_2': 0.8177810996646315, 'fold_3': 0.7591241897402095, 'fold_4': 0.839748338163184, 'fold_5': 0.8171113470243525, 'fold_6': 0.8707125984781281, 'fold_7': 0.7909222844196597, 'fold_8': 0.8500829058454409, 'fold_9': 0.7918848129378753}",{},0.8301,0.557
11,"('rbf', 0.1, 0.25)","{'fold_0': 0.4251398836871313, 'fold_1': 0.5126024878273778, 'fold_2': 0.5133726550148501, 'fold_3': 0.6244335537835876, 'fold_4': 0.6099994663019235, 'fold_5': 0.6467528019197767, 'fold_6': 0.4576728589610531, 'fold_7': 0.6437007602608149, 'fold_8': 0.4701626353530577, 'fold_9': 0.7066861843821687}","{'fold_0': 0.8829622562174604, 'fold_1': 0.8791203409599218, 'fold_2': 0.8108880208032604, 'fold_3': 0.755354188574676, 'fold_4': 0.8348571859081901, 'fold_5': 0.8167999968840179, 'fold_6': 0.8700575654492138, 'fold_7': 0.7928224160679401, 'fold_8': 0.8485969984673838, 'fold_9': 0.7852448024258113}",{},0.8277,0.561
12,"('rbf', 0.1, 0.5)","{'fold_0': 0.44579989133463427, 'fold_1': 0.5594211792691489, 'fold_2': 0.5653565424829189, 'fold_3': 0.6647785648567274, 'fold_4': 0.6338435657812392, 'fold_5': 0.6960355508934754, 'fold_6': 0.4813884662540483, 'fold_7': 0.6940766224561935, 'fold_8': 0.49112479354845023, 'fold_9': 0.7622132356266371}","{'fold_0': 0.8713107828984346, 'fold_1': 0.8560307918736231, 'fold_2': 0.7706501711765219, 'fold_3': 0.7227194949857136, 'fold_4': 0.8216944164914036, 'fold_5': 0.7878164635051298, 'fold_6': 0.856241992920546, 'fold_7': 0.7591262056516891, 'fold_8': 0.8347954594319711, 'fold_9': 0.7501706526774881}",{},0.8031,0.599
13,"('rbf', 0.1, 1.0)","{'fold_0': 0.5896100135073963, 'fold_1': 0.7244728284892111, 'fold_2': 0.7350937171091813, 'fold_3': 0.8341250403441571, 'fold_4': 0.7756031720992528, 'fold_5': 0.7915783864760837, 'fold_6': 0.5735542214745242, 'fold_7': 0.8187845245279834, 'fold_8': 0.6138496614423962, 'fold_9': 0.9017182639822309}","{'fold_0': 0.7748914743647339, 'fold_1': 0.7585451069783259, 'fold_2': 0.6122614361997116, 'fold_3': 0.5634563866128091, 'fold_4': 0.7330192652151304, 'fold_5': 0.7255667719364525, 'fold_6': 0.7959250760150975, 'fold_7': 0.6647923114830576, 'fold_8': 0.7419152743123409, 'fold_9': 0.6503510615402657}",{},0.7021,0.736
14,"('rbf', 0.2, 0.05)","{'fold_0': 0.4315694170225808, 'fold_1': 0.44392874524872394, 'fold_2': 0.4625364269313671, 'fold_3': 0.5642118293172713, 'fold_4': 0.5165320848374293, 'fold_5': 0.5472212797713306, 'fold_6': 0.42508912485256584, 'fold_7': 0.5852545895704572, 'fold_8': 0.41901686163231516, 'fold_9': 0.6606959768929022}","{'fold_0': 0.8793954856325916, 'fold_1': 0.9093394515940589, 'fold_2': 0.8464868942697741, 'fold_3': 0.8002670594511438, 'fold_4': 0.881588092476643, 'fold_5': 0.8688480374234056, 'fold_6': 0.8879012754876967, 'fold_7': 0.8287366731015409, 'fold_8': 0.8797455211671881, 'fold_9': 0.8122872352991912}",{},0.8595,0.506
15,"('rbf', 0.2, 0.1)","{'fold_0': 0.4252084584315555, 'fold_1': 0.4501427729372575, 'fold_2': 0.46048565653711776, 'fold_3': 0.5660873607513555, 'fold_4': 0.5248336744478875, 'fold_5': 0.5466386381958184, 'fold_6': 0.42404124805673055, 'fold_7': 0.5835327259908233, 'fold_8': 0.41749182740797836, 'fold_9': 0.6603397055330975}","{'fold_0': 0.8829244969718271, 'fold_1': 0.9067835904756656, 'fold_2': 0.8478451536299294, 'fold_3': 0.7989369631524619, 'fold_4': 0.877751326372264, 'fold_5': 0.869127170960688, 'fold_6': 0.8884532579523053, 'fold_7': 0.8297429301830677, 'fold_8': 0.8806192734180923, 'fold_9': 0.8124896238503504}",{},0.8595,0.506
16,"('rbf', 0.2, 0.15)","{'fold_0': 0.42817523971310284, 'fold_1': 0.455453809325278, 'fold_2': 0.4629002333915287, 'fold_3': 0.5657733375332777, 'fold_4': 0.5335963325264101, 'fold_5': 0.5500944537384034, 'fold_6': 0.4275360386530984, 'fold_7': 0.5880599148068201, 'fold_8': 0.41998292514168006, 'fold_9': 0.6609814301311925}","{'fold_0': 0.8812850698524273, 'fold_1': 0.9045709754422004, 'fold_2': 0.8462453088711963, 'fold_3': 0.7991599709564843, 'fold_4': 0.8736351044594944, 'fold_5': 0.8674672005748494, 'fold_6': 0.8866070275000835, 'fold_7': 0.8270908908368365, 'fold_8': 0.8791903769892825, 'fold_9': 0.8121249979200563}",{},0.8577,0.509
17,"('rbf', 0.2, 0.2)","{'fold_0': 0.42848547705407214, 'fold_1': 0.4605163269599428, 'fold_2': 0.4670136578834271, 'fold_3': 0.566535455393321, 'fold_4': 0.5404986234440624, 'fold_5': 0.5631615763828338, 'fold_6': 0.4240553536503095, 'fold_7': 0.5929464305932416, 'fold_8': 0.4259257832705836, 'fold_9': 0.6645142732207173}","{'fold_0': 0.8811129760763736, 'fold_1': 0.9024377356775263, 'fold_2': 0.8435005775350061, 'fold_3': 0.7986185284589326, 'fold_4': 0.8703447952892764, 'fold_5': 0.8610959620781669, 'fold_6': 0.8884458366970125, 'fold_7': 0.824205356430127, 'fold_8': 0.875747217661315, 'fold_9': 0.8101113054104127}",{},0.8556,0.513
18,"('rbf', 0.2, 0.25)","{'fold_0': 0.43414822871861763, 'fold_1': 0.46811891182449744, 'fold_2': 0.4749983637371627, 'fold_3': 0.5684540056792462, 'fold_4': 0.5433826112184579, 'fold_5': 0.5741875811039093, 'fold_6': 0.4263286896557158, 'fold_7': 0.6012463694824001, 'fold_8': 0.43617921295423384, 'fold_9': 0.6654023181432862}","{'fold_0': 0.8779498523338006, 'fold_1': 0.8991898686256494, 'fold_2': 0.83810337217814, 'fold_3': 0.7972522779498423, 'fold_4': 0.8689574777300313, 'fold_5': 0.8556035789638219, 'fold_6': 0.8872465599447737, 'fold_7': 0.8192494389871021, 'fold_8': 0.8696928668710608, 'fold_9': 0.8096034386128832}",{},0.8523,0.519
19,"('rbf', 0.2, 0.5)","{'fold_0': 0.44513685674263226, 'fold_1': 0.4983827723864087, 'fold_2': 0.5312233209750282, 'fold_3': 0.6044293005942032, 'fold_4': 0.5557855635431954, 'fold_5': 0.6074829881918269, 'fold_6': 0.43953220941690196, 'fold_7': 0.6344410182625763, 'fold_8': 0.452652969325662, 'fold_9': 0.6917598853405813}","{'fold_0': 0.8716932951077055, 'fold_1': 0.8857337827665651, 'fold_2': 0.7975080135983799, 'fold_3': 0.7707779777590901, 'fold_4': 0.8629069954902745, 'fold_5': 0.8383718209470807, 'fold_6': 0.8801543998596192, 'fold_7': 0.7987401118759344, 'fold_8': 0.8596640276050793, 'fold_9': 0.79422091607216}",{},0.836,0.546
20,"('rbf', 0.2, 1.0)","{'fold_0': 0.5639250202373172, 'fold_1': 0.6667029157550247, 'fold_2': 0.68095806918115, 'fold_3': 0.7909735666560112, 'fold_4': 0.7009455902209347, 'fold_5': 0.7153402255249154, 'fold_6': 0.5330963955059959, 'fold_7': 0.7515258617615425, 'fold_8': 0.5660657251256705, 'fold_9': 0.8414706008068463}","{'fold_0': 0.794076946331838, 'fold_1': 0.7955173258660737, 'fold_2': 0.6672681944205219, 'fold_3': 0.607455170341596, 'fold_4': 0.7819433245170814, 'fold_5': 0.7758833441481101, 'fold_6': 0.8237000559965538, 'fold_7': 0.7176013732433998, 'fold_8': 0.7805316088785298, 'fold_9': 0.695513265858405}",{},0.7439,0.681
21,"('rbf', 0.5, 0.05)","{'fold_0': 0.4137841739881857, 'fold_1': 0.4159445071673171, 'fold_2': 0.4056944896792959, 'fold_3': 0.5219836218309825, 'fold_4': 0.464459723650727, 'fold_5': 0.46435076029239997, 'fold_6': 0.3999656000003864, 'fold_7': 0.5239996086061994, 'fold_8': 0.3769912811078887, 'fold_9': 0.6104573230083716}","{'fold_0': 0.8891310346615627, 'fold_1': 0.9204092505595739, 'fold_2': 0.8818994844105289, 'fold_3': 0.8290460759141832, 'fold_4': 0.9042592358072827, 'fold_5': 0.9055632221059177, 'fold_6': 0.9007601811190055, 'fold_7': 0.8627107143914972, 'fold_8': 0.9026578636705531, 'fold_9': 0.8397488712147441}",{},0.8836,0.46
22,"('rbf', 0.5, 0.1)","{'fold_0': 0.40998995361090557, 'fold_1': 0.41812900634638367, 'fold_2': 0.4123670798195024, 'fold_3': 0.5209049962796012, 'fold_4': 0.46323284521375035, 'fold_5': 0.4654285512612665, 'fold_6': 0.39521114025282666, 'fold_7': 0.5228452232462545, 'fold_8': 0.3798596357228748, 'fold_9': 0.6103250414825393}","{'fold_0': 0.8911549527984265, 'fold_1': 0.9195710498520903, 'fold_2': 0.8779826607812204, 'fold_3': 0.8297518633986113, 'fold_4': 0.9047643695522678, 'fold_5': 0.9051243244537438, 'fold_6': 0.9031055195774768, 'fold_7': 0.8633149521263743, 'fold_8': 0.9011709647555283, 'fold_9': 0.8398183141267406}",{},0.8836,0.46
23,"('rbf', 0.5, 0.15)","{'fold_0': 0.41102734212525327, 'fold_1': 0.4269904720917922, 'fold_2': 0.41414226448671876, 'fold_3': 0.5254987981680156, 'fold_4': 0.47057644267611576, 'fold_5': 0.4680837476788582, 'fold_6': 0.3918149870702336, 'fold_7': 0.5241435638236841, 'fold_8': 0.3797117127400001, 'fold_9': 0.607474271104356}","{'fold_0': 0.8906034395065765, 'fold_1': 0.9161258415775393, 'fold_2': 0.8769298631920945, 'fold_3': 0.8267358248438599, 'fold_4': 0.9017209079765094, 'fold_5': 0.9040387351976805, 'fold_6': 0.9047636439502587, 'fold_7': 0.8626352707331524, 'fold_8': 0.9012479207564766, 'fold_9': 0.8413112063083564}",{},0.8826,0.462
24,"('rbf', 0.5, 0.2)","{'fold_0': 0.4224508480747732, 'fold_1': 0.43130766152413547, 'fold_2': 0.4147329959919568, 'fold_3': 0.5268680337853839, 'fold_4': 0.4827847464623413, 'fold_5': 0.47560682195464754, 'fold_6': 0.39810191135742706, 'fold_7': 0.5380412049773602, 'fold_8': 0.38862355865437553, 'fold_9': 0.6109728573849128}","{'fold_0': 0.8844381156497381, 'fold_1': 0.9144212078362823, 'fold_2': 0.8765785189128018, 'fold_3': 0.8258317369359683, 'fold_4': 0.8965553936980358, 'fold_5': 0.9009293551764945, 'fold_6': 0.90168286656923, 'fold_7': 0.8552542592116509, 'fold_8': 0.8965580950756632, 'fold_9': 0.8394780911060065}",{},0.8792,0.469
25,"('rbf', 0.5, 0.25)","{'fold_0': 0.4315390180674866, 'fold_1': 0.4359489396979096, 'fold_2': 0.4247810913291065, 'fold_3': 0.5314942131138632, 'fold_4': 0.49513207782979657, 'fold_5': 0.4845486030724967, 'fold_6': 0.39820181969379537, 'fold_7': 0.5479323788990633, 'fold_8': 0.3926019238928741, 'fold_9': 0.6176140458683683}","{'fold_0': 0.8794124753540585, 'fold_1': 0.9125694805772139, 'fold_2': 0.870525593660269, 'fold_3': 0.8227597304769743, 'fold_4': 0.8911964919797469, 'fold_5': 0.8971691251436671, 'fold_6': 0.9016335127052156, 'fold_7': 0.8498834240984164, 'fold_8': 0.8944293712867882, 'fold_9': 0.8359694239695773}",{},0.8756,0.476
26,"('rbf', 0.5, 0.5)","{'fold_0': 0.431214001106784, 'fold_1': 0.47204456303384473, 'fold_2': 0.469943538748561, 'fold_3': 0.5809693100600182, 'fold_4': 0.507410766760852, 'fold_5': 0.5267100695681899, 'fold_6': 0.4208071980046799, 'fold_7': 0.567526898429893, 'fold_8': 0.4255871620409079, 'fold_9': 0.6274606288782342}","{'fold_0': 0.8795940498113668, 'fold_1': 0.8974919890178411, 'fold_2': 0.8415307722950237, 'fold_3': 0.7882264564580289, 'fold_4': 0.8857331836719391, 'fold_5': 0.8784955786804105, 'fold_6': 0.890148244394843, 'fold_7': 0.8389548611374136, 'fold_8': 0.8759447070194488, 'fold_9': 0.8306974722108387}",{},0.8607,0.503
27,"('rbf', 0.5, 1.0)","{'fold_0': 0.5491657093879118, 'fold_1': 0.6121957328035186, 'fold_2': 0.622516396817167, 'fold_3': 0.7488474040737413, 'fold_4': 0.6454357076552647, 'fold_5': 0.6557666977817764, 'fold_6': 0.4880470856405398, 'fold_7': 0.693972122042335, 'fold_8': 0.5251520027244762, 'fold_9': 0.7593103712308401}","{'fold_0': 0.8047149194269742, 'fold_1': 0.8275860493466523, 'fold_2': 0.7219293412151193, 'fold_3': 0.6481545182245924, 'fold_4': 0.8151128416809955, 'fold_5': 0.8116578366081757, 'fold_6': 0.8522375342517499, 'fold_7': 0.7591987322733172, 'fold_8': 0.8111102842251157, 'fold_9': 0.7520699629852603}",{},0.7804,0.63
28,"('rbf', 1.0, 0.05)","{'fold_0': 0.3873407982306258, 'fold_1': 0.39269858683510217, 'fold_2': 0.3698262307058037, 'fold_3': 0.5155532944949658, 'fold_4': 0.4362110297945963, 'fold_5': 0.4225853619180193, 'fold_6': 0.3830714717258717, 'fold_7': 0.4752599232742794, 'fold_8': 0.360793539108253, 'fold_9': 0.5614155536088141}","{'fold_0': 0.902848674878124, 'fold_1': 0.9290568473980532, 'fold_2': 0.9018593346418363, 'fold_3': 0.8332321022913175, 'fold_4': 0.9155510884846811, 'fold_5': 0.9217872173347389, 'fold_6': 0.9089666966010369, 'fold_7': 0.8870627763826523, 'fold_8': 0.9108429347206253, 'fold_9': 0.8644625339121632}",{},0.8976,0.43
29,"('rbf', 1.0, 0.1)","{'fold_0': 0.38759041660914695, 'fold_1': 0.39841501872768803, 'fold_2': 0.36806792488063655, 'fold_3': 0.5223673048019603, 'fold_4': 0.4279321617883452, 'fold_5': 0.426216795840841, 'fold_6': 0.38335923211338907, 'fold_7': 0.47658374588974534, 'fold_8': 0.35979626165530315, 'fold_9': 0.566661221911197}","{'fold_0': 0.9027234178927899, 'fold_1': 0.9269764050078677, 'fold_2': 0.9027903183072936, 'fold_3': 0.8287946648988915, 'fold_4': 0.9187261887322513, 'fold_5': 0.9204372182934636, 'fold_6': 0.9088298781761083, 'fold_7': 0.8864327334537787, 'fold_8': 0.9113351355851584, 'fold_9': 0.8619178727274873}",{},0.8969,0.432
30,"('rbf', 1.0, 0.15)","{'fold_0': 0.39172526964138826, 'fold_1': 0.40027378150322246, 'fold_2': 0.37613727971278677, 'fold_3': 0.5248829945849294, 'fold_4': 0.4315459539883341, 'fold_5': 0.4238703303392993, 'fold_6': 0.3953029260757292, 'fold_7': 0.48224007229868526, 'fold_8': 0.36059037378618625, 'fold_9': 0.5569315236924488}","{'fold_0': 0.9006368345413126, 'fold_1': 0.9262934479962639, 'fold_2': 0.8984812330029124, 'fold_3': 0.8271416647209868, 'fold_4': 0.9173477141262993, 'fold_5': 0.9213108461059969, 'fold_6': 0.9030605078282897, 'fold_7': 0.883720993767308, 'fold_8': 0.9109433163625676, 'fold_9': 0.8666189650296133}",{},0.8956,0.434
31,"('rbf', 1.0, 0.2)","{'fold_0': 0.402069909587105, 'fold_1': 0.40595665333420017, 'fold_2': 0.3871594393519525, 'fold_3': 0.5231731211951993, 'fold_4': 0.44083504301911586, 'fold_5': 0.42631733118150966, 'fold_6': 0.3972965703699566, 'fold_7': 0.4876309335939594, 'fold_8': 0.3649782101258251, 'fold_9': 0.5628470919325068}","{'fold_0': 0.8953195968012639, 'fold_1': 0.9241856991662631, 'fold_2': 0.8924443373646542, 'fold_3': 0.8282660465315999, 'fold_4': 0.9137512138917512, 'fold_5': 0.9203996795816061, 'fold_6': 0.9020802458713603, 'fold_7': 0.8811067453480379, 'fold_8': 0.9087627608282751, 'fold_9': 0.8637704460355521}",{},0.893,0.44
32,"('rbf', 1.0, 0.25)","{'fold_0': 0.41182840923494457, 'fold_1': 0.4083707723062699, 'fold_2': 0.3912314522724244, 'fold_3': 0.5206815408489479, 'fold_4': 0.4464349530916327, 'fold_5': 0.43494177022310276, 'fold_6': 0.3949624451791945, 'fold_7': 0.49989864399147477, 'fold_8': 0.37084130086961, 'fold_9': 0.5688916067366595}","{'fold_0': 0.8901766095895852, 'fold_1': 0.9232813221061276, 'fold_2': 0.8901699707674903, 'fold_3': 0.829897896595551, 'fold_4': 0.9115460665185898, 'fold_5': 0.9171464589325137, 'fold_6': 0.9032274270626481, 'fold_7': 0.8750493161425553, 'fold_8': 0.9058079058136919, 'fold_9': 0.8608287479791337}",{},0.8907,0.445
33,"('rbf', 1.0, 0.5)","{'fold_0': 0.4124107583310063, 'fold_1': 0.445017155072936, 'fold_2': 0.43016115538973776, 'fold_3': 0.5722655198965383, 'fold_4': 0.4758811871784689, 'fold_5': 0.46538671157437095, 'fold_6': 0.41803150476066814, 'fold_7': 0.5335617730538238, 'fold_8': 0.39340222666937236, 'fold_9': 0.5820046204702609}","{'fold_0': 0.8898657967893298, 'fold_1': 0.908894349547021, 'fold_2': 0.8672251083763077, 'fold_3': 0.7945242944409189, 'fold_4': 0.8994926451311387, 'fold_5': 0.905141381379564, 'fold_6': 0.8915926548072408, 'fold_7': 0.8576543715668504, 'fold_8': 0.8939985298912112, 'fold_9': 0.8543389800935167}",{},0.8763,0.473
34,"('rbf', 1.0, 1.0)","{'fold_0': 0.5326450730557674, 'fold_1': 0.5659380771604674, 'fold_2': 0.581216088996506, 'fold_3': 0.7392719836593565, 'fold_4': 0.612796449428596, 'fold_5': 0.6246555064859262, 'fold_6': 0.46938285890941583, 'fold_7': 0.669387604995236, 'fold_8': 0.5013754881656413, 'fold_9': 0.731130039905377}","{'fold_0': 0.8162877692959456, 'fold_1': 0.8526569563165587, 'fold_2': 0.7576021121803793, 'fold_3': 0.6570950005105463, 'fold_4': 0.8333392808903124, 'fold_5': 0.8291047528842231, 'fold_6': 0.8633230956101405, 'fold_7': 0.7759576844687919, 'fold_8': 0.8278272339533682, 'fold_9': 0.7701313539571268}",{},0.7983,0.603
35,"('rbf', 1.5, 0.05)","{'fold_0': 0.3815139810777932, 'fold_1': 0.3817090253439485, 'fold_2': 0.35201172811019077, 'fold_3': 0.5199667231907814, 'fold_4': 0.4107264687441712, 'fold_5': 0.4127430180333402, 'fold_6': 0.38796113731822673, 'fold_7': 0.45104154725251616, 'fold_8': 0.3483197706425421, 'fold_9': 0.5347819821326937}","{'fold_0': 0.9057496095623896, 'fold_1': 0.9329719377022068, 'fold_2': 0.9110864721494248, 'fold_3': 0.8303646253496615, 'fold_4': 0.9251302895762781, 'fold_5': 0.9253880638531591, 'fold_6': 0.90662789928622, 'fold_7': 0.8982796568378625, 'fold_8': 0.916901245897728, 'fold_9': 0.8770173024631507}",{},0.903,0.418
36,"('rbf', 1.5, 0.1)","{'fold_0': 0.372096155334524, 'fold_1': 0.383288892300414, 'fold_2': 0.3512728559947608, 'fold_3': 0.5271551662781885, 'fold_4': 0.40278732301526843, 'fold_5': 0.419667536706355, 'fold_6': 0.38854494131412837, 'fold_7': 0.44993006770169575, 'fold_8': 0.34267785785393556, 'fold_9': 0.53887760983497}","{'fold_0': 0.9103453937230288, 'fold_1': 0.9324159405388998, 'fold_2': 0.9114593391510306, 'fold_3': 0.8256418487993438, 'fold_4': 0.9279967071953749, 'fold_5': 0.9228635601737285, 'fold_6': 0.906346675141114, 'fold_7': 0.898780368037573, 'fold_8': 0.9195714298810854, 'fold_9': 0.8751263632772779}",{},0.9031,0.418
37,"('rbf', 1.5, 0.15)","{'fold_0': 0.37853199515566477, 'fold_1': 0.3874375985423574, 'fold_2': 0.35552246068737264, 'fold_3': 0.524812331364306, 'fold_4': 0.4049169680944884, 'fold_5': 0.40771114750660115, 'fold_6': 0.382787204009542, 'fold_7': 0.4580135026165853, 'fold_8': 0.3445077327715007, 'fold_9': 0.5320497052017832}","{'fold_0': 0.9072172095357801, 'fold_1': 0.9309449672777546, 'fold_2': 0.9093040984907824, 'fold_3': 0.827188204253015, 'fold_4': 0.9272332927172016, 'fold_5': 0.9271962062152344, 'fold_6': 0.9091017535266133, 'fold_7': 0.8951106768132224, 'fold_8': 0.9187101710073361, 'fold_9': 0.8782707642646314}",{},0.903,0.418
38,"('rbf', 1.5, 0.2)","{'fold_0': 0.3884295270159267, 'fold_1': 0.3952162523655657, 'fold_2': 0.3580739195274529, 'fold_3': 0.5240528805402342, 'fold_4': 0.4109977238897558, 'fold_5': 0.4076779380039926, 'fold_6': 0.3892745462002019, 'fold_7': 0.4635376370334762, 'fold_8': 0.3534907584190682, 'fold_9': 0.5317065707292583}","{'fold_0': 0.9023017658271291, 'fold_1': 0.9281442712343313, 'fold_2': 0.9079976425117656, 'fold_3': 0.8276879909131081, 'fold_4': 0.9250313648563382, 'fold_5': 0.9272080659807873, 'fold_6': 0.905994622800783, 'fold_7': 0.892565262991169, 'fold_8': 0.9144156435428756, 'fold_9': 0.8784277271479833}",{},0.901,0.422
39,"('rbf', 1.5, 0.25)","{'fold_0': 0.38873708836289816, 'fold_1': 0.398379679382264, 'fold_2': 0.3597394835978225, 'fold_3': 0.5274291473896212, 'fold_4': 0.41627664154605415, 'fold_5': 0.4119494082216264, 'fold_6': 0.39410306807608664, 'fold_7': 0.47685416824527405, 'fold_8': 0.35701449867039375, 'fold_9': 0.5341906671892803}","{'fold_0': 0.9021469882183175, 'fold_1': 0.9269893587946307, 'fold_2': 0.9071397626312783, 'fold_3': 0.8254605615533706, 'fold_4': 0.923093179867767, 'fold_5': 0.9256747111651892, 'fold_6': 0.9036480931703699, 'fold_7': 0.886303816590693, 'fold_8': 0.9127008594582917, 'fold_9': 0.8772891190341486}",{},0.899,0.426
40,"('rbf', 1.5, 0.5)","{'fold_0': 0.40116646838854164, 'fold_1': 0.43037314221106804, 'fold_2': 0.40532077365518976, 'fold_3': 0.5771057766150771, 'fold_4': 0.4591663154061972, 'fold_5': 0.4595273013698497, 'fold_6': 0.414845111594691, 'fold_7': 0.5231582040004206, 'fold_8': 0.3876045560362389, 'fold_9': 0.5733058923396862}","{'fold_0': 0.89578949686361, 'fold_1': 0.9147916551979948, 'fold_2': 0.8821169669138218, 'fold_3': 0.7910337428219056, 'fold_4': 0.9064290988771295, 'fold_5': 0.9075149626224284, 'fold_6': 0.8932389992924786, 'fold_7': 0.8631512608782408, 'fold_8': 0.8970998500772834, 'fold_9': 0.8586605840501196}",{},0.881,0.463
41,"('rbf', 1.5, 1.0)","{'fold_0': 0.5167160205179874, 'fold_1': 0.5541842628877475, 'fold_2': 0.5549183327793399, 'fold_3': 0.7325683239586409, 'fold_4': 0.6049186501956627, 'fold_5': 0.6010046995601201, 'fold_6': 0.46250344688006234, 'fold_7': 0.6466067627361601, 'fold_8': 0.480465037805252, 'fold_9': 0.7253165648002966}","{'fold_0': 0.8271115041525126, 'fold_1': 0.8587136566972269, 'fold_2': 0.7790409870146707, 'fold_3': 0.6632856750624465, 'fold_4': 0.8375967486768463, 'fold_5': 0.841800693653059, 'fold_6': 0.8673000895885927, 'fold_7': 0.7909475772828878, 'fold_8': 0.8418890885026773, 'fold_9': 0.7737723555257279}",{},0.8081,0.588
42,"('rbf', 2.0, 0.05)","{'fold_0': 0.37601673253843215, 'fold_1': 0.37757546436849854, 'fold_2': 0.3426746815874817, 'fold_3': 0.5205148503122885, 'fold_4': 0.39211445000003814, 'fold_5': 0.4121060820642214, 'fold_6': 0.39258648812525065, 'fold_7': 0.43432110554026415, 'fold_8': 0.3420107882262905, 'fold_9': 0.516205448638818}","{'fold_0': 0.9084461557316613, 'fold_1': 0.9344157830701585, 'fold_2': 0.9157407456593788, 'fold_3': 0.830006791841497, 'fold_4': 0.931761972467416, 'fold_5': 0.9256181651778933, 'fold_6': 0.904388225503751, 'fold_7': 0.905681564523521, 'fold_8': 0.919884255674289, 'fold_9': 0.8854129206304652}",{},0.9061,0.411
43,"('rbf', 2.0, 0.1)","{'fold_0': 0.3668552082216056, 'fold_1': 0.3792112401754232, 'fold_2': 0.3349044356818385, 'fold_3': 0.5253373061911437, 'fold_4': 0.3812040925788838, 'fold_5': 0.40820790989282674, 'fold_6': 0.3867900949864907, 'fold_7': 0.4357259851464026, 'fold_8': 0.3344347441157001, 'fold_9': 0.5124585991258462}","{'fold_0': 0.9128531647139138, 'fold_1': 0.9338462891638214, 'fold_2': 0.9195186273352003, 'fold_3': 0.8268423007286902, 'fold_4': 0.9355065098687685, 'fold_5': 0.9270186873060517, 'fold_6': 0.9071907271015909, 'fold_7': 0.9050704021804252, 'fold_8': 0.9233943079814816, 'fold_9': 0.8870703319229147}",{},0.9078,0.407
44,"('rbf', 2.0, 0.15)","{'fold_0': 0.36625225284161284, 'fold_1': 0.3796299558566162, 'fold_2': 0.33940606714777144, 'fold_3': 0.5231965388627565, 'fold_4': 0.3837938358148214, 'fold_5': 0.4017157877345923, 'fold_6': 0.3795780302572769, 'fold_7': 0.4418114626015297, 'fold_8': 0.33470755182998585, 'fold_9': 0.5143745006789785}","{'fold_0': 0.9131393946517866, 'fold_1': 0.9337001179232844, 'fold_2': 0.9173404991360227, 'fold_3': 0.8282506722760313, 'fold_4': 0.9346272490165185, 'fold_5': 0.9293216114249723, 'fold_6': 0.9106194921872242, 'fold_7': 0.9024002560106004, 'fold_8': 0.9232692782236424, 'fold_9': 0.8862243452321348}",{},0.9079,0.406
45,"('rbf', 2.0, 0.2)","{'fold_0': 0.37098309799545637, 'fold_1': 0.38222756968040317, 'fold_2': 0.3412627529393651, 'fold_3': 0.5232489098969372, 'fold_4': 0.38919726405224225, 'fold_5': 0.4040684598947184, 'fold_6': 0.38584787918271873, 'fold_7': 0.4464503926834401, 'fold_8': 0.34617519999098095, 'fold_9': 0.5030449280628492}","{'fold_0': 0.9108809620876217, 'fold_1': 0.9327897013485957, 'fold_2': 0.9164336650277718, 'fold_3': 0.8282162869564784, 'fold_4': 0.9327735268110797, 'fold_5': 0.9284913229198642, 'fold_6': 0.907642340809764, 'fold_7': 0.9003399413189802, 'fold_8': 0.9179213575877491, 'fold_9': 0.8911811753584135}",{},0.9067,0.409
46,"('rbf', 2.0, 0.25)","{'fold_0': 0.37097672262063747, 'fold_1': 0.3885898658070503, 'fold_2': 0.34543538189748885, 'fold_3': 0.5271039010768237, 'fold_4': 0.3954517431204537, 'fold_5': 0.4149020721768712, 'fold_6': 0.39264922305311895, 'fold_7': 0.4622396651615936, 'fold_8': 0.3543320879470418, 'fold_9': 0.499399698334973}","{'fold_0': 0.9108840250971835, 'fold_1': 0.9305336072177095, 'fold_2': 0.9143776361452371, 'fold_3': 0.8256757593883819, 'fold_4': 0.9305954793266025, 'fold_5': 0.9246054338097521, 'fold_6': 0.9043576657304994, 'fold_7': 0.8931660859638945, 'fold_8': 0.914007766775384, 'fold_9': 0.892752535660267}",{},0.9041,0.415
47,"('rbf', 2.0, 0.5)","{'fold_0': 0.3896955620297137, 'fold_1': 0.41824913708068334, 'fold_2': 0.3815780028150714, 'fold_3': 0.5830304220575767, 'fold_4': 0.44559552541103625, 'fold_5': 0.4558640881629571, 'fold_6': 0.4033633770802482, 'fold_7': 0.5090381328420283, 'fold_8': 0.3756570738777922, 'fold_9': 0.571877958474278}","{'fold_0': 0.90166385881295, 'fold_1': 0.9195248278647874, 'fold_2': 0.8955231098810307, 'fold_3': 0.7867211677879344, 'fold_4': 0.91187839208253, 'fold_5': 0.9089836110959405, 'fold_6': 0.8990669002665769, 'fold_7': 0.8704386828685142, 'fold_8': 0.9033456502028364, 'fold_9': 0.8593637758379443}",{},0.8857,0.453
48,"('rbf', 2.0, 1.0)","{'fold_0': 0.5073121920166576, 'fold_1': 0.5451015720123796, 'fold_2': 0.5258805283410743, 'fold_3': 0.7333478483319359, 'fold_4': 0.6036316308801332, 'fold_5': 0.5821566220107024, 'fold_6': 0.4511108378171366, 'fold_7': 0.6302824105604583, 'fold_8': 0.46535135486456203, 'fold_9': 0.7254507191182658}","{'fold_0': 0.8333471129964117, 'fold_1': 0.8633068737904686, 'fold_2': 0.8015606677994715, 'fold_3': 0.6625686998257224, 'fold_4': 0.8382870688410817, 'fold_5': 0.8515676638555725, 'fold_6': 0.8737570297003308, 'fold_7': 0.8013698847263087, 'fold_8': 0.8516798259628651, 'fold_9': 0.7736886618020982}",{},0.8151,0.577
49,"('rbf', 2.5, 0.05)","{'fold_0': 0.3732550333176062, 'fold_1': 0.3720102621534919, 'fold_2': 0.3328899290789795, 'fold_3': 0.5161964192083316, 'fold_4': 0.3729550101070095, 'fold_5': 0.41016813239863587, 'fold_6': 0.39550984243396775, 'fold_7': 0.4247571457935628, 'fold_8': 0.33917885233275424, 'fold_9': 0.49551701114883046}","{'fold_0': 0.9097860730099884, 'fold_1': 0.9363348674236325, 'fold_2': 0.9204839333688883, 'fold_3': 0.8328157750040096, 'fold_4': 0.9382675288588103, 'fold_5': 0.9263160889696566, 'fold_6': 0.9029589977456852, 'fold_7': 0.909789704037562, 'fold_8': 0.9212055200137709, 'fold_9': 0.8944136885607834}",{},0.9092,0.403
50,"('rbf', 2.5, 0.1)","{'fold_0': 0.3643844078804521, 'fold_1': 0.3770451008513595, 'fold_2': 0.32784669689704843, 'fold_3': 0.5201146341711305, 'fold_4': 0.3689071961922106, 'fold_5': 0.40508937035538906, 'fold_6': 0.3861339105634451, 'fold_7': 0.42480113874177844, 'fold_8': 0.32911411068521396, 'fold_9': 0.4932052924699752}","{'fold_0': 0.9140230939846824, 'fold_1': 0.9345999001531606, 'fold_2': 0.9228749958220739, 'fold_3': 0.8302681018524419, 'fold_4': 0.9396002661706272, 'fold_5': 0.9281295219439991, 'fold_6': 0.9075053594665144, 'fold_7': 0.9097710165478428, 'fold_8': 0.925812409355666, 'fold_9': 0.8953965669693877}",{},0.9108,0.4
51,"('rbf', 2.5, 0.15)","{'fold_0': 0.36017717766968305, 'fold_1': 0.37505959399427063, 'fold_2': 0.3272258681736952, 'fold_3': 0.5200376207829356, 'fold_4': 0.3696650354611741, 'fold_5': 0.40294851824187866, 'fold_6': 0.38652769359901684, 'fold_7': 0.42673095755243545, 'fold_8': 0.3312723531273498, 'fold_9': 0.49337325389589237}","{'fold_0': 0.9159970334209931, 'fold_1': 0.9352868760473237, 'fold_2': 0.923166815644438, 'fold_3': 0.8303183625447745, 'fold_4': 0.9393518551544265, 'fold_5': 0.9288871695095473, 'fold_6': 0.907316609442257, 'fold_7': 0.9089493562975324, 'fold_8': 0.9248362141901367, 'fold_9': 0.895325309285571}",{},0.9109,0.399
52,"('rbf', 2.5, 0.2)","{'fold_0': 0.36483808645914606, 'fold_1': 0.37518062399690455, 'fold_2': 0.33112286020793696, 'fold_3': 0.5251678422873723, 'fold_4': 0.37591537035118866, 'fold_5': 0.4119549975289058, 'fold_6': 0.38917595471437594, 'fold_7': 0.43645977915684936, 'fold_8': 0.34874956993189526, 'fold_9': 0.48406183594042046}","{'fold_0': 0.9138088687768633, 'fold_1': 0.9352451040548186, 'fold_2': 0.9213258779309103, 'fold_3': 0.8269539975240014, 'fold_4': 0.9372836265320004, 'fold_5': 0.9256726942685126, 'fold_6': 0.9060422342166101, 'fold_7': 0.9047503963608534, 'fold_8': 0.9166960446791296, 'fold_9': 0.8992390696312617}",{},0.9087,0.404
53,"('rbf', 2.5, 0.25)","{'fold_0': 0.36893228028652136, 'fold_1': 0.3815775205827116, 'fold_2': 0.3349294436089491, 'fold_3': 0.5339567996481466, 'fold_4': 0.38170668078580383, 'fold_5': 0.4244415155960621, 'fold_6': 0.3891699555682779, 'fold_7': 0.44907120727736366, 'fold_8': 0.3569231697467958, 'fold_9': 0.4845599494256183}","{'fold_0': 0.9118635498589955, 'fold_1': 0.9330181141893997, 'fold_2': 0.9195066075036789, 'fold_3': 0.8211135012490846, 'fold_4': 0.9353363383745198, 'fold_5': 0.9210986285251177, 'fold_6': 0.9060451309116022, 'fold_7': 0.8991664305377245, 'fold_8': 0.912745518242606, 'fold_9': 0.8990315911723655}",{},0.9059,0.411
54,"('rbf', 2.5, 0.5)","{'fold_0': 0.38781067417732573, 'fold_1': 0.41445647325998836, 'fold_2': 0.3690937772294943, 'fold_3': 0.585694453570732, 'fold_4': 0.4376635530730427, 'fold_5': 0.4529060966851373, 'fold_6': 0.3981384876779482, 'fold_7': 0.5054726132119896, 'fold_8': 0.3634135847203638, 'fold_9': 0.5674466181717958}","{'fold_0': 0.9026128269679914, 'fold_1': 0.9209777008435698, 'fold_2': 0.9022476915603659, 'fold_3': 0.7847676518137685, 'fold_4': 0.9149877453840228, 'fold_5': 0.9101609454793768, 'fold_6': 0.9016647996166204, 'fold_7': 0.8722473314969458, 'fold_8': 0.909543334113609, 'fold_9': 0.8615348419575335}",{},0.8881,0.448
55,"('rbf', 2.5, 1.0)","{'fold_0': 0.5018139192792914, 'fold_1': 0.5439443936028907, 'fold_2': 0.5128881656106524, 'fold_3': 0.7326234932447522, 'fold_4': 0.6021081519266179, 'fold_5': 0.5729040713144391, 'fold_6': 0.4453446134383639, 'fold_7': 0.6215972492672576, 'fold_8': 0.4587034928112218, 'fold_9': 0.7250892257842092}","{'fold_0': 0.8369399206304909, 'fold_1': 0.8638866205630547, 'fold_2': 0.8112447967837757, 'fold_3': 0.6632349576404468, 'fold_4': 0.8391023188649449, 'fold_5': 0.8562484103140644, 'fold_6': 0.8769637489037275, 'fold_7': 0.8068063321383591, 'fold_8': 0.8558872667214807, 'fold_9': 0.7739141482617102}",{},0.8184,0.572
56,"('linear', 0.05, 0.05)","{'fold_0': 0.5008113431472968, 'fold_1': 0.5691894937487763, 'fold_2': 0.46342776012757975, 'fold_3': 0.4010869862158318, 'fold_4': 0.6041625802256579, 'fold_5': 0.6101452680399585, 'fold_6': 0.5584334023629325, 'fold_7': 0.6288790707821534, 'fold_8': 0.47304545203337506, 'fold_9': 0.6938952936701298}","{'fold_0': 0.8375908265880601, 'fold_1': 0.8509590680914302, 'fold_2': 0.8458946677553977, 'fold_3': 0.8990648429503192, 'fold_4': 0.8380024610371105, 'fold_5': 0.8369520533455498, 'fold_6': 0.8065434417245037, 'fold_7': 0.8022534100167403, 'fold_8': 0.8467346420354738, 'fold_9': 0.792948507508637}",{},0.8357,0.55
57,"('linear', 0.05, 0.1)","{'fold_0': 0.4972161337121443, 'fold_1': 0.5635996447919329, 'fold_2': 0.46489072354464717, 'fold_3': 0.3960552201996991, 'fold_4': 0.5995322758391763, 'fold_5': 0.6097426792722133, 'fold_6': 0.5477512595457037, 'fold_7': 0.6240357712850383, 'fold_8': 0.4735462097267405, 'fold_9': 0.6953910715242143}","{'fold_0': 0.8399142530704871, 'fold_1': 0.8538720712552365, 'fold_2': 0.8449201628273153, 'fold_3': 0.9015814856628857, 'fold_4': 0.8404760453438264, 'fold_5': 0.8371671484040746, 'fold_6': 0.8138738252010066, 'fold_7': 0.8052875638740978, 'fold_8': 0.8464099821987765, 'fold_9': 0.792054894764136}",{},0.8376,0.547
58,"('linear', 0.05, 0.15)","{'fold_0': 0.494621640813737, 'fold_1': 0.5620149272789358, 'fold_2': 0.4733716397451711, 'fold_3': 0.39323169255523, 'fold_4': 0.5928221951698694, 'fold_5': 0.6047826059184284, 'fold_6': 0.5407619437134822, 'fold_7': 0.6247876171180748, 'fold_8': 0.4702272998876361, 'fold_9': 0.7003353297801979}","{'fold_0': 0.8415805614299126, 'fold_1': 0.8546926747671824, 'fold_2': 0.839210366151796, 'fold_3': 0.9029797596139882, 'fold_4': 0.8440269081806154, 'fold_5': 0.8398055657833885, 'fold_6': 0.8185934671133502, 'fold_7': 0.8048180974462066, 'fold_8': 0.8485553487182936, 'fold_9': 0.789087386599139}",{},0.8383,0.546
59,"('linear', 0.05, 0.2)","{'fold_0': 0.49281459008042194, 'fold_1': 0.5598345552035723, 'fold_2': 0.47319453437020775, 'fold_3': 0.39223908801532514, 'fold_4': 0.5869796522167177, 'fold_5': 0.5960121345936303, 'fold_6': 0.5461351680785643, 'fold_7': 0.6251595204609713, 'fold_8': 0.47003077565914253, 'fold_9': 0.7001045236298965}","{'fold_0': 0.8427359861265202, 'fold_1': 0.8558179454658881, 'fold_2': 0.8393306580278672, 'fold_3': 0.9034689429026161, 'fold_4': 0.8470861355537606, 'fold_5': 0.8444181100694463, 'fold_6': 0.8149705024988132, 'fold_7': 0.8045856651629824, 'fold_8': 0.848681910165757, 'fold_9': 0.789226382604836}",{},0.839,0.544
60,"('linear', 0.05, 0.25)","{'fold_0': 0.4913044036168782, 'fold_1': 0.5596005490916656, 'fold_2': 0.4708626031437665, 'fold_3': 0.39636736953155227, 'fold_4': 0.5797145075952135, 'fold_5': 0.5940798764211229, 'fold_6': 0.5370334959251538, 'fold_7': 0.6265770384830593, 'fold_8': 0.4737661927526467, 'fold_9': 0.6946206753275993}","{'fold_0': 0.8436983524768904, 'fold_1': 0.8559384540349486, 'fold_2': 0.8409103324775837, 'fold_3': 0.9014262882138987, 'fold_4': 0.8508479906127899, 'fold_5': 0.8454252609380128, 'fold_6': 0.8210863684453997, 'fold_7': 0.8036984759642014, 'fold_8': 0.8462672504273479, 'fold_9': 0.7925153878163345}",{},0.8402,0.542
61,"('linear', 0.05, 0.5)","{'fold_0': 0.5069605336088719, 'fold_1': 0.5680163792223302, 'fold_2': 0.5003802319741738, 'fold_3': 0.39927388883007864, 'fold_4': 0.5712546573564717, 'fold_5': 0.569425810609986, 'fold_6': 0.5032786242466627, 'fold_7': 0.6173045908062506, 'fold_8': 0.47429882096836523, 'fold_9': 0.7015838423272822}","{'fold_0': 0.833578073647328, 'fold_1': 0.8515727895571591, 'fold_2': 0.8203389787929676, 'fold_3': 0.8999753269187305, 'fold_4': 0.8551694171502072, 'fold_5': 0.8579886237075305, 'fold_6': 0.8428705276251348, 'fold_7': 0.8094654522443864, 'fold_8': 0.8459213902574847, 'fold_9': 0.7883347135461695}",{},0.8405,0.541
62,"('linear', 0.05, 1.0)","{'fold_0': 0.5709765109110052, 'fold_1': 0.617053232086908, 'fold_2': 0.632859222004412, 'fold_3': 0.42483274267560217, 'fold_4': 0.6094813102390472, 'fold_5': 0.58073670344546, 'fold_6': 0.5149904023537362, 'fold_7': 0.6645186124127982, 'fold_8': 0.5068044049148722, 'fold_9': 0.7508165453795838}","{'fold_0': 0.7888948991839464, 'fold_1': 0.824839139516461, 'fold_2': 0.7126125481429386, 'fold_3': 0.88675962895462, 'fold_4': 0.8351376235545651, 'fold_5': 0.852290853426154, 'fold_6': 0.8354723279005882, 'fold_7': 0.7792051094687233, 'fold_8': 0.8240784580933029, 'fold_9': 0.7575857473890555}",{},0.8097,0.587
63,"('linear', 0.1, 0.05)","{'fold_0': 0.5004283008619375, 'fold_1': 0.5663208058440052, 'fold_2': 0.45668706513821067, 'fold_3': 0.4039155861691504, 'fold_4': 0.5986886012760734, 'fold_5': 0.61792235719185, 'fold_6': 0.557885645005392, 'fold_7': 0.6212204631098175, 'fold_8': 0.47426830452203284, 'fold_9': 0.6812806203748986}","{'fold_0': 0.8378391667724512, 'fold_1': 0.8524576006635359, 'fold_2': 0.8503450803921966, 'fold_3': 0.8976361657330975, 'fold_4': 0.8409247004431958, 'fold_5': 0.8327690501253173, 'fold_6': 0.806922771764641, 'fold_7': 0.8070404729358023, 'fold_8': 0.8459412164942615, 'fold_9': 0.8004082656314233}",{},0.8372,0.548
64,"('linear', 0.1, 0.1)","{'fold_0': 0.49716524092862097, 'fold_1': 0.5589432743239283, 'fold_2': 0.45651931911332116, 'fold_3': 0.4024245232257047, 'fold_4': 0.5931095636114101, 'fold_5': 0.6091429076344367, 'fold_6': 0.5496928745744305, 'fold_7': 0.6177027529813404, 'fold_8': 0.47439202930490015, 'fold_9': 0.684583644229542}","{'fold_0': 0.8399470226922094, 'fold_1': 0.8562766681834317, 'fold_2': 0.850454999894187, 'fold_3': 0.8983905273131093, 'fold_4': 0.8438756567319554, 'fold_5': 0.8374873309882105, 'fold_6': 0.8125519628641485, 'fold_7': 0.8092195829695896, 'fold_8': 0.8458608258140838, 'fold_9': 0.7984682298749756}",{},0.8393,0.544
65,"('linear', 0.1, 0.15)","{'fold_0': 0.4966266741457144, 'fold_1': 0.5579427001925263, 'fold_2': 0.4655739090232437, 'fold_3': 0.3969272432119056, 'fold_4': 0.5858526723900972, 'fold_5': 0.6078443010612025, 'fold_6': 0.5479878636216904, 'fold_7': 0.618089558285405, 'fold_8': 0.4737222452020797, 'fold_9': 0.6874132911228331}","{'fold_0': 0.840293597718994, 'fold_1': 0.856790770919122, 'fold_2': 0.8444640292192551, 'fold_3': 0.9011476184318219, 'fold_4': 0.8476727501162337, 'fold_5': 0.8381795004736454, 'fold_6': 0.8137129940861246, 'fold_7': 0.808980574864059, 'fold_8': 0.8462957702522335, 'fold_9': 0.7967987704553814}",{},0.8394,0.544
66,"('linear', 0.1, 0.2)","{'fold_0': 0.49251655288402674, 'fold_1': 0.5593129871019662, 'fold_2': 0.46707764341895525, 'fold_3': 0.39243081500561316, 'fold_4': 0.5771561153136944, 'fold_5': 0.6021988443099145, 'fold_6': 0.5479971775074673, 'fold_7': 0.6172300043507823, 'fold_8': 0.4739218779701827, 'fold_9': 0.6876002376860272}","{'fold_0': 0.8429261442667071, 'fold_1': 0.8560864738355447, 'fold_2': 0.8434576906293423, 'fold_3': 0.9033745508193983, 'fold_4': 0.8521615590358232, 'fold_5': 0.8411714122245998, 'fold_6': 0.8137066615712828, 'fold_7': 0.8095114925240985, 'fold_8': 0.8461661969988385, 'fold_9': 0.7966882316063283}",{},0.8405,0.542
67,"('linear', 0.1, 0.25)","{'fold_0': 0.4891521973467439, 'fold_1': 0.5555567828038397, 'fold_2': 0.4621255874214962, 'fold_3': 0.3980724095953434, 'fold_4': 0.5727728182926456, 'fold_5': 0.5899189047923169, 'fold_6': 0.5370299110319965, 'fold_7': 0.6175603958090514, 'fold_8': 0.47120594631165363, 'fold_9': 0.682762394037337}","{'fold_0': 0.845064741955771, 'fold_1': 0.8580129567067485, 'fold_2': 0.8467594835639081, 'fold_3': 0.90057640179103, 'fold_4': 0.8543985934876978, 'fold_5': 0.8475829797546159, 'fold_6': 0.8210887570640525, 'fold_7': 0.8093075082087366, 'fold_8': 0.8479243134889538, 'fold_9': 0.7995391042558694}",{},0.843,0.538
68,"('linear', 0.1, 0.5)","{'fold_0': 0.5007287919963749, 'fold_1': 0.5638016851825517, 'fold_2': 0.486327281069782, 'fold_3': 0.4101742849370892, 'fold_4': 0.564660854526022, 'fold_5': 0.5729469858787036, 'fold_6': 0.5108580316406063, 'fold_7': 0.6092717598040491, 'fold_8': 0.4817892185061746, 'fold_9': 0.6993753422823387}","{'fold_0': 0.8376443635512033, 'fold_1': 0.8537672839795745, 'fold_2': 0.8302886685632952, 'fold_3': 0.8944393196880158, 'fold_4': 0.8584935835671335, 'fold_5': 0.8562268734872384, 'fold_6': 0.8381021305403051, 'fold_7': 0.8143919460045508, 'fold_8': 0.8410163676444801, 'fold_9': 0.7896652089443349}",{},0.8414,0.54
69,"('linear', 0.1, 1.0)","{'fold_0': 0.5487564835294442, 'fold_1': 0.6166459519786546, 'fold_2': 0.5840360695644508, 'fold_3': 0.43481877355341353, 'fold_4': 0.5903497506029484, 'fold_5': 0.5693170764224059, 'fold_6': 0.5113679138270696, 'fold_7': 0.638340984997669, 'fold_8': 0.5156448377353093, 'fold_9': 0.7347017480906382}","{'fold_0': 0.8050058550323497, 'fold_1': 0.8250702897220544, 'fold_2': 0.7552442435341278, 'fold_3': 0.8813734514805076, 'fold_4': 0.8453252086008217, 'fold_5': 0.8580428538356091, 'fold_6': 0.8377787920387033, 'fold_7': 0.7962581811900494, 'fold_8': 0.8178875615458652, 'fold_9': 0.7678799647169576}",{},0.819,0.574
70,"('linear', 0.2, 0.05)","{'fold_0': 0.4976009275617024, 'fold_1': 0.5616663699340451, 'fold_2': 0.45231902314387407, 'fold_3': 0.4096759046655211, 'fold_4': 0.5960833516182517, 'fold_5': 0.615913324935064, 'fold_6': 0.5531713944979783, 'fold_7': 0.6179526571854104, 'fold_8': 0.47948589865238006, 'fold_9': 0.6751766324111604}","{'fold_0': 0.8396663775786837, 'fold_1': 0.8548728558523753, 'fold_2': 0.8531941769808287, 'fold_3': 0.8946956858283502, 'fold_4': 0.8423061503369704, 'fold_5': 0.8338547082191676, 'fold_6': 0.8101720708927891, 'fold_7': 0.8090651835522163, 'fold_8': 0.8425328599556663, 'fold_9': 0.8039687596634293}",{},0.8384,0.546
71,"('linear', 0.2, 0.1)","{'fold_0': 0.49641367161758093, 'fold_1': 0.5573450289161942, 'fold_2': 0.45127158813980783, 'fold_3': 0.40462886994110703, 'fold_4': 0.5851397486596077, 'fold_5': 0.6086825512208583, 'fold_6': 0.5503249722269935, 'fold_7': 0.6127586844419333, 'fold_8': 0.47448937510675293, 'fold_9': 0.678006557183652}","{'fold_0': 0.8404305640726202, 'fold_1': 0.8570974196103418, 'fold_2': 0.8538733061260402, 'fold_3': 0.8972743132407734, 'fold_4': 0.8480432584030968, 'fold_5': 0.8377328742868009, 'fold_6': 0.8121206180402325, 'fold_7': 0.8122613588383105, 'fold_8': 0.8457975602443335, 'fold_9': 0.8023220312980317}",{},0.8407,0.542
72,"('linear', 0.2, 0.15)","{'fold_0': 0.4956692635062211, 'fold_1': 0.5548781453510182, 'fold_2': 0.4530201530668866, 'fold_3': 0.40424100835773424, 'fold_4': 0.5787665401491534, 'fold_5': 0.6105600025446472, 'fold_6': 0.5458463536123562, 'fold_7': 0.6102716580536627, 'fold_8': 0.47373748616013645, 'fold_9': 0.6729504232928156}","{'fold_0': 0.8409087770068755, 'fold_1': 0.8583596318828592, 'fold_2': 0.8527387031896857, 'fold_3': 0.897471156591963, 'fold_4': 0.8513353879224913, 'fold_5': 0.8367303206035835, 'fold_6': 0.8151661502741736, 'fold_7': 0.8137822297197774, 'fold_8': 0.8462858799106824, 'fold_9': 0.8052593465960464}",{},0.8418,0.54
73,"('linear', 0.2, 0.2)","{'fold_0': 0.4937485881854789, 'fold_1': 0.5546422326455945, 'fold_2': 0.4601376126748655, 'fold_3': 0.4020231116255647, 'fold_4': 0.5722940403726151, 'fold_5': 0.6030072794794669, 'fold_6': 0.5443649574375166, 'fold_7': 0.612134442490374, 'fold_8': 0.47527808079248046, 'fold_9': 0.6800562071978612}","{'fold_0': 0.8421393175869374, 'fold_1': 0.8584800462815445, 'fold_2': 0.8480750697927857, 'fold_3': 0.8985931336474107, 'fold_4': 0.8546419067208333, 'fold_5': 0.8407446800713604, 'fold_6': 0.8161680461402505, 'fold_7': 0.8126436778275667, 'fold_8': 0.8452844974562068, 'fold_9': 0.8011250426455978}",{},0.8418,0.54
74,"('linear', 0.2, 0.25)","{'fold_0': 0.4871898008053683, 'fold_1': 0.5543683025018228, 'fold_2': 0.45762738166357625, 'fold_3': 0.4112538472169861, 'fold_4': 0.5672391055092967, 'fold_5': 0.5926590562981375, 'fold_6': 0.5346948731897906, 'fold_7': 0.6095166566579219, 'fold_8': 0.4781267803944805, 'fold_9': 0.6759402692734033}","{'fold_0': 0.8463053968218072, 'fold_1': 0.8586198012653801, 'fold_2': 0.8497281683806458, 'fold_3': 0.8938829254863869, 'fold_4': 0.8571983920020709, 'fold_5': 0.8461637484039328, 'fold_6': 0.8226412079858777, 'fold_7': 0.8142427056597223, 'fold_8': 0.8434242861576243, 'fold_9': 0.8035250792133197}",{},0.8436,0.537
75,"('linear', 0.2, 0.5)","{'fold_0': 0.4987349182152129, 'fold_1': 0.5591346564966005, 'fold_2': 0.483425943965577, 'fold_3': 0.4184673567160803, 'fold_4': 0.5569307436407017, 'fold_5': 0.5808101425128777, 'fold_6': 0.5161065471692518, 'fold_7': 0.6084565988236712, 'fold_8': 0.49687100961367237, 'fold_9': 0.692358660982654}","{'fold_0': 0.838934771217777, 'fold_1': 0.8561782295982947, 'fold_2': 0.8323075601599024, 'fold_3': 0.8901276299759617, 'fold_4': 0.8623414611056929, 'fold_5': 0.8522534929225184, 'fold_6': 0.8347583895188562, 'fold_7': 0.8148882737150458, 'fold_8': 0.830907020230903, 'fold_9': 0.7938645241149429}",{},0.8407,0.541
76,"('linear', 0.2, 1.0)","{'fold_0': 0.5511106121622643, 'fold_1': 0.6095870835749394, 'fold_2': 0.5469210636537587, 'fold_3': 0.44751491520077674, 'fold_4': 0.5824436151187203, 'fold_5': 0.5504130725620704, 'fold_6': 0.504613880511119, 'fold_7': 0.6182088772339048, 'fold_8': 0.5365968451764678, 'fold_9': 0.726036384499123}","{'fold_0': 0.8033292427573095, 'fold_1': 0.8290522773356848, 'fold_2': 0.7853638472717056, 'fold_3': 0.8743448334581492, 'fold_4': 0.8494403666889871, 'fold_5': 0.8673136281343747, 'fold_6': 0.8420356563440435, 'fold_7': 0.8089068171485124, 'fold_8': 0.8027874761850615, 'fold_9': 0.7733231063914423}",{},0.8236,0.567
77,"('linear', 0.5, 0.05)","{'fold_0': 0.497529935770082, 'fold_1': 0.5580433250443452, 'fold_2': 0.4457801797695167, 'fold_3': 0.416532079489902, 'fold_4': 0.5912051511295486, 'fold_5': 0.6229211575651038, 'fold_6': 0.5495088947720616, 'fold_7': 0.613480394046693, 'fold_8': 0.4834941665427297, 'fold_9': 0.665608077793499}","{'fold_0': 0.8397121233099775, 'fold_1': 0.8567391107507664, 'fold_2': 0.8574080245492536, 'fold_3': 0.8911415289635455, 'fold_4': 0.8448766448338219, 'fold_5': 0.8300524128979169, 'fold_6': 0.8126774179433595, 'fold_7': 0.8118188597732795, 'fold_8': 0.8398891591859099, 'fold_9': 0.8094856692997594}",{},0.8394,0.544
78,"('linear', 0.5, 0.1)","{'fold_0': 0.4930591679743848, 'fold_1': 0.5544699786845378, 'fold_2': 0.44570412454197306, 'fold_3': 0.412705167133433, 'fold_4': 0.5799881292187834, 'fold_5': 0.6145617381428248, 'fold_6': 0.5492328481356978, 'fold_7': 0.6111176712257683, 'fold_8': 0.476387845119378, 'fold_9': 0.6697865725161517}","{'fold_0': 0.8425798509530967, 'fold_1': 0.8585679356839366, 'fold_2': 0.8574566760618221, 'fold_3': 0.8931326269734481, 'fold_4': 0.8507071597529388, 'fold_5': 0.8345831009362659, 'fold_6': 0.8128655742441682, 'fold_7': 0.8132655683794048, 'fold_8': 0.844561139035942, 'fold_9': 0.8070861736237726}",{},0.8415,0.541
79,"('linear', 0.5, 0.15)","{'fold_0': 0.4947189895451599, 'fold_1': 0.5527592564604031, 'fold_2': 0.4474618311862254, 'fold_3': 0.4130789598473815, 'fold_4': 0.5765593562392982, 'fold_5': 0.6130996725983074, 'fold_6': 0.5415190747841813, 'fold_7': 0.6102062903959646, 'fold_8': 0.47538616171944914, 'fold_9': 0.6679455225727955}","{'fold_0': 0.8415181967950683, 'fold_1': 0.8594393182141167, 'fold_2': 0.8563301736366009, 'fold_3': 0.8929389568258019, 'fold_4': 0.852467120455457, 'fold_5': 0.8353692307847767, 'fold_6': 0.8180851300300479, 'fold_7': 0.8138221200452912, 'fold_8': 0.8452141230925546, 'fold_9': 0.8081452449221086}",{},0.8423,0.539
80,"('linear', 0.5, 0.2)","{'fold_0': 0.49381891629485886, 'fold_1': 0.5504188100446902, 'fold_2': 0.45307603958295145, 'fold_3': 0.4116821602353041, 'fold_4': 0.5699463550332069, 'fold_5': 0.6040352113611603, 'fold_6': 0.5392629247583499, 'fold_7': 0.6081519489516877, 'fold_8': 0.47766963264024115, 'fold_9': 0.6737311092973625}","{'fold_0': 0.8420943439534869, 'fold_1': 0.8606270985417865, 'fold_2': 0.8527023673736589, 'fold_3': 0.8936617725749653, 'fold_4': 0.8558320470546082, 'fold_5': 0.8402012599268444, 'fold_6': 0.8195978089693933, 'fold_7': 0.815073595546453, 'fold_8': 0.8437235541346779, 'fold_9': 0.8048072494349676}",{},0.8428,0.538
81,"('linear', 0.5, 0.25)","{'fold_0': 0.48788649516008126, 'fold_1': 0.5493519738567916, 'fold_2': 0.4549092955230005, 'fold_3': 0.4172692441205609, 'fold_4': 0.5640298214695059, 'fold_5': 0.5949067766245795, 'fold_6': 0.5347733066410252, 'fold_7': 0.6020326593931806, 'fold_8': 0.47883833241359913, 'fold_9': 0.6751869526370494}","{'fold_0': 0.8458655077908175, 'fold_1': 0.861166847389869, 'fold_2': 0.851507951653114, 'fold_3': 0.8907558798025504, 'fold_4': 0.8588096859854748, 'fold_5': 0.8449946560878654, 'fold_6': 0.8225891712705771, 'fold_7': 0.8187763707703577, 'fold_8': 0.8429579049724151, 'fold_9': 0.8039627668548927}",{},0.8441,0.536
82,"('linear', 0.5, 0.5)","{'fold_0': 0.5044917555218665, 'fold_1': 0.5553003693386533, 'fold_2': 0.480677583775586, 'fold_3': 0.4307728186081384, 'fold_4': 0.5508913908593565, 'fold_5': 0.5826745046140983, 'fold_6': 0.5228691130964582, 'fold_7': 0.611843680792491, 'fold_8': 0.5062895669901099, 'fold_9': 0.6856105316769814}","{'fold_0': 0.8351949979841329, 'fold_1': 0.8581439927740494, 'fold_2': 0.8342088612483474, 'fold_3': 0.8835708022631312, 'fold_4': 0.8653108098530135, 'fold_5': 0.851303457580103, 'fold_6': 0.8303996836043107, 'fold_7': 0.8128216227383565, 'fold_8': 0.8244356968122323, 'fold_9': 0.7978631740534057}",{},0.8393,0.543
83,"('linear', 0.5, 1.0)","{'fold_0': 0.5650216473024174, 'fold_1': 0.6087386933336956, 'fold_2': 0.5387212021940323, 'fold_3': 0.46439493776361546, 'fold_4': 0.57715618397256, 'fold_5': 0.5418922611695781, 'fold_6': 0.5241954822915055, 'fold_7': 0.6246771430878434, 'fold_8': 0.5720289290588556, 'fold_9': 0.7277218288395353}","{'fold_0': 0.7932752781840344, 'fold_1': 0.8295277777551262, 'fold_2': 0.7917515814260274, 'fold_3': 0.8646867656069814, 'fold_4': 0.8521615238619076, 'fold_5': 0.8713900004703109, 'fold_6': 0.8295381373790648, 'fold_7': 0.8048871148994501, 'fold_8': 0.7758832857947424, 'fold_9': 0.7722694546772653}",{},0.8185,0.574
84,"('linear', 1.0, 0.05)","{'fold_0': 0.4969905436429113, 'fold_1': 0.5593285822767359, 'fold_2': 0.4445409446144607, 'fold_3': 0.42335313139908815, 'fold_4': 0.5887778267804289, 'fold_5': 0.6249468095453272, 'fold_6': 0.5501857439002463, 'fold_7': 0.6138073910545089, 'fold_8': 0.48593189946163573, 'fold_9': 0.6628663503901105}","{'fold_0': 0.8400594839259112, 'fold_1': 0.8560784483187646, 'fold_2': 0.8581997123970728, 'fold_3': 0.887547044508186, 'fold_4': 0.8461478168555359, 'fold_5': 0.8289453244773846, 'fold_6': 0.8122156703252977, 'fold_7': 0.811618197877747, 'fold_8': 0.8382705609007659, 'fold_9': 0.8110519440741537}",{},0.839,0.545
85,"('linear', 1.0, 0.1)","{'fold_0': 0.49271784958959675, 'fold_1': 0.5525733845802866, 'fold_2': 0.44217945467136144, 'fold_3': 0.4164354954172549, 'fold_4': 0.5765228063160949, 'fold_5': 0.617554387381556, 'fold_6': 0.5454897365186683, 'fold_7': 0.608314341381031, 'fold_8': 0.48051186733533663, 'fold_9': 0.6660331484145167}","{'fold_0': 0.8427977225480789, 'fold_1': 0.859533832725643, 'fold_2': 0.8597022535501513, 'fold_3': 0.8911920065906838, 'fold_4': 0.8524858250153293, 'fold_5': 0.8329681612854989, 'fold_6': 0.8154075859009454, 'fold_7': 0.814974822015911, 'fold_8': 0.841858265779108, 'fold_9': 0.8092422590830197}",{},0.842,0.54
86,"('linear', 1.0, 0.15)","{'fold_0': 0.494157860493883, 'fold_1': 0.5504961545546976, 'fold_2': 0.44630557776149704, 'fold_3': 0.4185261618696896, 'fold_4': 0.578651231109896, 'fold_5': 0.6157620393648909, 'fold_6': 0.5381068648384003, 'fold_7': 0.6087102431240267, 'fold_8': 0.4760201021066101, 'fold_9': 0.6652847933950974}","{'fold_0': 0.8418775050592642, 'fold_1': 0.8605879266023279, 'fold_2': 0.8570717077276233, 'fold_3': 0.89009674816182, 'fold_4': 0.8513946196324924, 'fold_5': 0.8339363180730341, 'fold_6': 0.8203704643267888, 'fold_7': 0.8147339083229124, 'fold_8': 0.8448010254770482, 'fold_9': 0.809670689150634}",{},0.8425,0.539
87,"('linear', 1.0, 0.2)","{'fold_0': 0.4946882475534802, 'fold_1': 0.5492782993612356, 'fold_2': 0.45066174492901523, 'fold_3': 0.4198531814224728, 'fold_4': 0.569262275155239, 'fold_5': 0.6057158965932399, 'fold_6': 0.5381710601788906, 'fold_7': 0.6071165446061988, 'fold_8': 0.4775422631845323, 'fold_9': 0.6676057632915982}","{'fold_0': 0.8415378924000613, 'fold_1': 0.8612040831771012, 'fold_2': 0.8542679871139357, 'fold_3': 0.889398703496571, 'fold_4': 0.856177915429305, 'fold_5': 0.8393107654062575, 'fold_6': 0.820327602702839, 'fold_7': 0.8157027495174434, 'fold_8': 0.8438068844981779, 'fold_9': 0.8083403741744719}",{},0.843,0.538
88,"('linear', 1.0, 0.25)","{'fold_0': 0.4908273043279078, 'fold_1': 0.5477314680477082, 'fold_2': 0.45315483898174175, 'fold_3': 0.4225283619589476, 'fold_4': 0.563386572224823, 'fold_5': 0.60075970464205, 'fold_6': 0.5344867699257585, 'fold_7': 0.6010593992952512, 'fold_8': 0.47909098888210233, 'fold_9': 0.6694107247287966}","{'fold_0': 0.8440017700595167, 'fold_1': 0.8619847132117389, 'fold_2': 0.8526511266404175, 'fold_3': 0.8879847756099915, 'fold_4': 0.8591315440543937, 'fold_5': 0.8419296448124118, 'fold_6': 0.8227792372167237, 'fold_7': 0.8193618378748382, 'fold_8': 0.8427921364183452, 'fold_9': 0.8073026183674888}",{},0.844,0.536
89,"('linear', 1.0, 0.5)","{'fold_0': 0.5053726703542003, 'fold_1': 0.5527526978416056, 'fold_2': 0.48024125678428725, 'fold_3': 0.4339768010757201, 'fold_4': 0.5449398167765013, 'fold_5': 0.5800565348709449, 'fold_6': 0.5241203137176896, 'fold_7': 0.6072870277432979, 'fold_8': 0.5066524855562461, 'fold_9': 0.6822875454874552}","{'fold_0': 0.8346189492343299, 'fold_1': 0.8594426537655337, 'fold_2': 0.8345097128747736, 'fold_3': 0.8818324178001209, 'fold_4': 0.8682053280153992, 'fold_5': 0.8526366496697316, 'fold_6': 0.8295870216477392, 'fold_7': 0.8155992307280683, 'fold_8': 0.8241839105396056, 'fold_9': 0.799817840945366}",{},0.84,0.542
90,"('linear', 1.0, 1.0)","{'fold_0': 0.5745781000853009, 'fold_1': 0.6148091873454681, 'fold_2': 0.5416412930982416, 'fold_3': 0.47083577454068126, 'fold_4': 0.5811089116559267, 'fold_5': 0.5387363724768727, 'fold_6': 0.5274583538350814, 'fold_7': 0.6135192344753608, 'fold_8': 0.589013404285679, 'fold_9': 0.7108599295548094}","{'fold_0': 0.7862232944014697, 'fold_1': 0.8261108420163265, 'fold_2': 0.7894878784257082, 'fold_3': 0.860907335007567, 'fold_4': 0.8501296083995669, 'fold_5': 0.8728836440872628, 'fold_6': 0.827409442237875, 'fold_7': 0.8117950309187703, 'fold_8': 0.7623769218229535, 'fold_9': 0.7827005886074265}",{},0.817,0.576
91,"('linear', 1.5, 0.05)","{'fold_0': 0.49796834140756396, 'fold_1': 0.5589998620224458, 'fold_2': 0.4421539556281073, 'fold_3': 0.42766296148363847, 'fold_4': 0.5888503210665117, 'fold_5': 0.6255644065625434, 'fold_6': 0.5499975652825084, 'fold_7': 0.6142054985145796, 'fold_8': 0.4848302222649358, 'fold_9': 0.6603446795673893}","{'fold_0': 0.839429518932214, 'fold_1': 0.8562475654653653, 'fold_2': 0.8597184341081453, 'fold_3': 0.8852457974712417, 'fold_4': 0.8461099278919471, 'fold_5': 0.8286070715061471, 'fold_6': 0.8123441031422938, 'fold_7': 0.8113737546773616, 'fold_8': 0.8390030572144105, 'fold_9': 0.8124867989814353}",{},0.8391,0.545
92,"('linear', 1.5, 0.1)","{'fold_0': 0.4910128258102566, 'fold_1': 0.5522448595588054, 'fold_2': 0.4414082633565582, 'fold_3': 0.41971305038914597, 'fold_4': 0.5780184264571697, 'fold_5': 0.6182502353901423, 'fold_6': 0.5469726188407181, 'fold_7': 0.6085422167572645, 'fold_8': 0.47990057018879373, 'fold_9': 0.6642667514659673}","{'fold_0': 0.8438838202546501, 'fold_1': 0.8597008075889842, 'fold_2': 0.8601912045922226, 'fold_3': 0.8894725201935396, 'fold_4': 0.8517194673185119, 'fold_5': 0.8325915329047394, 'fold_6': 0.8144026141579381, 'fold_7': 0.8148361746874624, 'fold_8': 0.8422603790489693, 'fold_9': 0.810252740534045}",{},0.8419,0.54
93,"('linear', 1.5, 0.15)","{'fold_0': 0.49405633934474724, 'fold_1': 0.5486979030717755, 'fold_2': 0.4475129386236882, 'fold_3': 0.41962166884990587, 'fold_4': 0.577772067149612, 'fold_5': 0.6163986495022873, 'fold_6': 0.5362655854009903, 'fold_7': 0.6095292917907814, 'fold_8': 0.47822628554382607, 'fold_9': 0.6640013222629334}","{'fold_0': 0.8419424686254056, 'fold_1': 0.8614972463150763, 'fold_2': 0.8562973528886555, 'fold_3': 0.8895206438899537, 'fold_4': 0.8518458387379377, 'fold_5': 0.833592768243123, 'fold_6': 0.8215976640501673, 'fold_7': 0.8142350041723386, 'fold_8': 0.8433591080013254, 'fold_9': 0.8104043495115345}",{},0.8424,0.539
94,"('linear', 1.5, 0.2)","{'fold_0': 0.4946136988542782, 'fold_1': 0.5482090758267405, 'fold_2': 0.45007413538312135, 'fold_3': 0.42081981779868693, 'fold_4': 0.5689616186701992, 'fold_5': 0.6061048579334306, 'fold_6': 0.5357153661654218, 'fold_7': 0.6057804525876821, 'fold_8': 0.4801443979896779, 'fold_9': 0.6670583542098518}","{'fold_0': 0.8415856487554717, 'fold_1': 0.8617439166992708, 'fold_2': 0.8546477739269562, 'fold_3': 0.8888888380810801, 'fold_4': 0.8563297948894526, 'fold_5': 0.8391043254952819, 'fold_6': 0.8219635649855017, 'fold_7': 0.8165130293141473, 'fold_8': 0.8421000496891591, 'fold_9': 0.8086545512294632}",{},0.8432,0.538
95,"('linear', 1.5, 0.25)","{'fold_0': 0.4908592889879863, 'fold_1': 0.5475154938172173, 'fold_2': 0.4516047342730202, 'fold_3': 0.42164687276754176, 'fold_4': 0.56163345315176, 'fold_5': 0.6006289635548604, 'fold_6': 0.5333182674155591, 'fold_7': 0.6020437990984292, 'fold_8': 0.4793644023898571, 'fold_9': 0.6683644350428781}","{'fold_0': 0.8439814382121031, 'fold_1': 0.8620935324795757, 'fold_2': 0.8536574737377326, 'fold_3': 0.8884516659838033, 'fold_4': 0.860006875314524, 'fold_5': 0.8419984378461867, 'fold_6': 0.8235532752435818, 'fold_7': 0.8187696641691147, 'fold_8': 0.8426126506029652, 'fold_9': 0.8079045200444352}",{},0.8443,0.536
96,"('linear', 1.5, 0.5)","{'fold_0': 0.5064415622786783, 'fold_1': 0.552767851941271, 'fold_2': 0.4758776446910665, 'fold_3': 0.43610803106198326, 'fold_4': 0.5424396269459149, 'fold_5': 0.5822490065278523, 'fold_6': 0.52266242804122, 'fold_7': 0.6061875183898566, 'fold_8': 0.5077614795934109, 'fold_9': 0.6815291131593755}","{'fold_0': 0.8339186287618087, 'fold_1': 0.8594349467050713, 'fold_2': 0.8375034358903038, 'fold_3': 0.88066894231485, 'fold_4': 0.8694119045468414, 'fold_5': 0.8515205496005551, 'fold_6': 0.8305337398017888, 'fold_7': 0.8162663512785382, 'fold_8': 0.8234133927121385, 'fold_9': 0.8002626394402089}",{},0.8403,0.541
97,"('linear', 1.5, 1.0)","{'fold_0': 0.5768083347031846, 'fold_1': 0.6188618192823886, 'fold_2': 0.5335614113040588, 'fold_3': 0.47618375013507247, 'fold_4': 0.5850491426814272, 'fold_5': 0.5364557428908885, 'fold_6': 0.5248141434146589, 'fold_7': 0.6161870338411352, 'fold_8': 0.5883202464246183, 'fold_9': 0.707401580084778}","{'fold_0': 0.7845605178043421, 'fold_1': 0.8238108394115584, 'fold_2': 0.7957216219631897, 'fold_3': 0.8577296293237318, 'fold_4': 0.8480903142501053, 'fold_5': 0.8739576079392333, 'fold_6': 0.8291355381108361, 'fold_7': 0.8101547083066556, 'fold_8': 0.7629358679756352, 'fold_9': 0.7848097784701703}",{},0.8171,0.576
98,"('linear', 2.0, 0.05)","{'fold_0': 0.498691670172588, 'fold_1': 0.5584922139665883, 'fold_2': 0.44194613298062246, 'fold_3': 0.42839076357908695, 'fold_4': 0.588598531234449, 'fold_5': 0.6256616396903656, 'fold_6': 0.5501020973204848, 'fold_7': 0.6138766882118586, 'fold_8': 0.48158245095343793, 'fold_9': 0.659870002169038}","{'fold_0': 0.8389627037069848, 'fold_1': 0.8565085405136862, 'fold_2': 0.8598502743171514, 'fold_3': 0.8848548848934981, 'fold_4': 0.8462415052038642, 'fold_5': 0.8285537872543669, 'fold_6': 0.8122727649448915, 'fold_7': 0.8115756599074577, 'fold_8': 0.8411527991021035, 'fold_9': 0.8127562833587166}",{},0.8393,0.545
99,"('linear', 2.0, 0.1)","{'fold_0': 0.49086675640461486, 'fold_1': 0.5525374663814182, 'fold_2': 0.4412334433365204, 'fold_3': 0.4230432687783824, 'fold_4': 0.5784308597286745, 'fold_5': 0.6197876607526338, 'fold_6': 0.5465428901865592, 'fold_7': 0.6083986773576718, 'fold_8': 0.48107372586015523, 'fold_9': 0.6632984598809836}","{'fold_0': 0.8439766911715937, 'fold_1': 0.859552093206133, 'fold_2': 0.8603019253848856, 'fold_3': 0.8877115984607371, 'fold_4': 0.8515077867192763, 'fold_5': 0.8317578962181496, 'fold_6': 0.814694128510804, 'fold_7': 0.8149235151184528, 'fold_8': 0.8414882219352559, 'fold_9': 0.810805520764271}",{},0.8417,0.541
100,"('linear', 2.0, 0.15)","{'fold_0': 0.493198654384752, 'fold_1': 0.5486570116915181, 'fold_2': 0.4475758665868028, 'fold_3': 0.418480800816736, 'fold_4': 0.5776467181438253, 'fold_5': 0.6176239070797311, 'fold_6': 0.5346466002174548, 'fold_7': 0.6094198885198338, 'fold_8': 0.47729127712029557, 'fold_9': 0.6632755709318585}","{'fold_0': 0.8424907700520978, 'fold_1': 0.8615178892141977, 'fold_2': 0.8562569359536777, 'fold_3': 0.8901205701233538, 'fold_4': 0.8519101165504684, 'fold_5': 0.8329305527546651, 'fold_6': 0.8226732309208699, 'fold_7': 0.81430168341007, 'fold_8': 0.8439710249162958, 'fold_9': 0.8108185778972349}",{},0.8427,0.539
101,"('linear', 2.0, 0.2)","{'fold_0': 0.4942499360107158, 'fold_1': 0.5486481400737613, 'fold_2': 0.4499644084390139, 'fold_3': 0.4206753053792963, 'fold_4': 0.57001523723185, 'fold_5': 0.6085962697880724, 'fold_6': 0.535351011502269, 'fold_7': 0.6052908925350442, 'fold_8': 0.48037185093091767, 'fold_9': 0.6663315564018932}","{'fold_0': 0.8418185742276253, 'fold_1': 0.8615223676055939, 'fold_2': 0.8547186383031231, 'fold_3': 0.8889651376521502, 'fold_4': 0.8557971974391021, 'fold_5': 0.8377788741196179, 'fold_6': 0.8222056575220106, 'fold_7': 0.8168094786087523, 'fold_8': 0.8419504142252782, 'fold_9': 0.8090712874560153}",{},0.8431,0.538
102,"('linear', 2.0, 0.25)","{'fold_0': 0.4905517960944293, 'fold_1': 0.5476216235535167, 'fold_2': 0.45129893835982965, 'fold_3': 0.4269432071068369, 'fold_4': 0.5614812026348026, 'fold_5': 0.6030380039690769, 'fold_6': 0.5330825212255963, 'fold_7': 0.6022302187658433, 'fold_8': 0.4795934434537585, 'fold_9': 0.6683969506058973}","{'fold_0': 0.8441768488869488, 'fold_1': 0.8620400640546372, 'fold_2': 0.8538555929863503, 'fold_3': 0.8856317337978912, 'fold_4': 0.8600827651552228, 'fold_5': 0.8407284508706714, 'fold_6': 0.8237092325846834, 'fold_7': 0.8186574127693366, 'fold_8': 0.8424622148271509, 'fold_9': 0.8078858289104036}",{},0.8439,0.536
103,"('linear', 2.0, 0.5)","{'fold_0': 0.5052137450434083, 'fold_1': 0.5527589846855054, 'fold_2': 0.47656161533069996, 'fold_3': 0.438160338366533, 'fold_4': 0.5421341852810005, 'fold_5': 0.5832974690632231, 'fold_6': 0.5219567434012212, 'fold_7': 0.6058511660690579, 'fold_8': 0.507431011439654, 'fold_9': 0.6814071475173485}","{'fold_0': 0.8347229481395705, 'fold_1': 0.8594394564328984, 'fold_2': 0.8370359932525001, 'fold_3': 0.8795431650386747, 'fold_4': 0.8695589285227407, 'fold_5': 0.8509853308117385, 'fold_6': 0.8309910483703713, 'fold_7': 0.8164701895040389, 'fold_8': 0.8236431748532953, 'fold_9': 0.8003341225658178}",{},0.8403,0.541
104,"('linear', 2.0, 1.0)","{'fold_0': 0.5778898037652719, 'fold_1': 0.6318746507115818, 'fold_2': 0.532612573143139, 'fold_3': 0.47612486541773325, 'fold_4': 0.5831743863836122, 'fold_5': 0.5394945040286172, 'fold_6': 0.5351686082962842, 'fold_7': 0.6214100839131499, 'fold_8': 0.6012977793164751, 'fold_9': 0.7078263254017305}","{'fold_0': 0.7837518971915663, 'fold_1': 0.8163234671785979, 'fold_2': 0.7964475169547424, 'fold_3': 0.8577648133575344, 'fold_4': 0.8490623260586969, 'fold_5': 0.8725256258296883, 'fold_6': 0.8223267920024047, 'fold_7': 0.8069226573552648, 'fold_8': 0.7523619013450302, 'fold_9': 0.7845512874478213}",{},0.8142,0.581
105,"('linear', 2.5, 0.05)","{'fold_0': 0.4998620256351639, 'fold_1': 0.5591285915216375, 'fold_2': 0.44181014039837274, 'fold_3': 0.42894057910830347, 'fold_4': 0.5885311590955391, 'fold_5': 0.6257730294987054, 'fold_6': 0.5489306797567767, 'fold_7': 0.6141417784052916, 'fold_8': 0.48117998757290226, 'fold_9': 0.6599086078467747}","{'fold_0': 0.8382059554102085, 'fold_1': 0.8561813496721291, 'fold_2': 0.8599365128393337, 'fold_3': 0.8845591306229275, 'fold_4': 0.8462767021853801, 'fold_5': 0.8284927348913382, 'fold_6': 0.8130714270129333, 'fold_7': 0.8114128903136641, 'fold_8': 0.8414181886227647, 'fold_9': 0.8127343733400291}",{},0.8392,0.545
106,"('linear', 2.5, 0.1)","{'fold_0': 0.4905464695045421, 'fold_1': 0.5525587194454435, 'fold_2': 0.44108722223409497, 'fold_3': 0.4237327231002745, 'fold_4': 0.5782677876082384, 'fold_5': 0.6197147075559799, 'fold_6': 0.5471140283416108, 'fold_7': 0.6081374751696054, 'fold_8': 0.480776888686097, 'fold_9': 0.6633295957493749}","{'fold_0': 0.8441802328375173, 'fold_1': 0.8595412884881033, 'fold_2': 0.8603944996090215, 'fold_3': 0.8873452964052041, 'fold_4': 0.851591501224905, 'fold_5': 0.8317975003526145, 'fold_6': 0.8143066363140719, 'fold_7': 0.8150823977960655, 'fold_8': 0.8416837747971518, 'fold_9': 0.8107877584053316}",{},0.8417,0.541
107,"('linear', 2.5, 0.15)","{'fold_0': 0.4927441272636879, 'fold_1': 0.5486640495697189, 'fold_2': 0.4476410522610899, 'fold_3': 0.41835183449041397, 'fold_4': 0.5776344868760375, 'fold_5': 0.6181517191838768, 'fold_6': 0.5345896605939958, 'fold_7': 0.609198879640796, 'fold_8': 0.4772903995157036, 'fold_9': 0.6632436323670441}","{'fold_0': 0.8427809542480398, 'fold_1': 0.8615143364427615, 'fold_2': 0.8562150629592484, 'fold_3': 0.890188284402384, 'fold_4': 0.8519163878847891, 'fold_5': 0.8326448806662816, 'fold_6': 0.8227109993525694, 'fold_7': 0.8144363476562286, 'fold_8': 0.8439715987026845, 'fold_9': 0.8108367966826157}",{},0.8427,0.539
108,"('linear', 2.5, 0.2)","{'fold_0': 0.4927658789355917, 'fold_1': 0.5487005203642461, 'fold_2': 0.4495039535262471, 'fold_3': 0.4209153684338433, 'fold_4': 0.569638321520056, 'fold_5': 0.6087848867203695, 'fold_6': 0.5353841649481403, 'fold_7': 0.605496134405775, 'fold_8': 0.48096136345294305, 'fold_9': 0.666282785503386}","{'fold_0': 0.8427670734024152, 'fold_1': 0.8614959249939015, 'fold_2': 0.8550158230933459, 'fold_3': 0.8888383749281821, 'fold_4': 0.855987839122055, 'fold_5': 0.8376783069815396, 'fold_6': 0.8221836357923367, 'fold_7': 0.8166852251623649, 'fold_8': 0.8415622591732261, 'fold_9': 0.809099235776918}",{},0.8431,0.538
109,"('linear', 2.5, 0.25)","{'fold_0': 0.49004731746011854, 'fold_1': 0.5480581571618417, 'fold_2': 0.45141894253341014, 'fold_3': 0.427826704491907, 'fold_4': 0.5616520438742825, 'fold_5': 0.6035601381918181, 'fold_6': 0.5328514300001781, 'fold_7': 0.6019524697341403, 'fold_8': 0.4796204876995736, 'fold_9': 0.6682603898492507}","{'fold_0': 0.8444971780774678, 'fold_1': 0.8618200283594492, 'fold_2': 0.8537778606052667, 'fold_3': 0.8851579067853099, 'fold_4': 0.8599976072896385, 'fold_5': 0.8404525242190748, 'fold_6': 0.82386204351965, 'fold_7': 0.8188246448730192, 'fold_8': 0.8424444472334944, 'fold_9': 0.8079643229145095}",{},0.8439,0.537
110,"('linear', 2.5, 0.5)","{'fold_0': 0.5053460882619503, 'fold_1': 0.5537492026040907, 'fold_2': 0.4761371069885383, 'fold_3': 0.44491468440349735, 'fold_4': 0.5408777253306012, 'fold_5': 0.5832022921350009, 'fold_6': 0.5220459037743963, 'fold_7': 0.601572813092284, 'fold_8': 0.5086145545344298, 'fold_9': 0.68126881989352}","{'fold_0': 0.8346363465293899, 'fold_1': 0.8589354022539559, 'fold_2': 0.8373261919023782, 'fold_3': 0.8758007992968204, 'fold_4': 0.87016285303007, 'fold_5': 0.8510339564345872, 'fold_6': 0.8309333034004344, 'fold_7': 0.8190531105373524, 'fold_8': 0.8228195384719206, 'fold_9': 0.8004151798399781}",{},0.8401,0.542
111,"('linear', 2.5, 1.0)","{'fold_0': 0.58410505132783, 'fold_1': 0.6298739744807059, 'fold_2': 0.5309199161024457, 'fold_3': 0.47601457181199114, 'fold_4': 0.5825524659811844, 'fold_5': 0.5423183173412175, 'fold_6': 0.5311279701493332, 'fold_7': 0.6239882149662009, 'fold_8': 0.6159083497057668, 'fold_9': 0.7035663131317372}","{'fold_0': 0.7790753547586182, 'fold_1': 0.817484759246913, 'fold_2': 0.7977392516039921, 'fold_3': 0.857830702857241, 'fold_4': 0.8493840862975057, 'fold_5': 0.8711876848849264, 'fold_6': 0.8249996055101111, 'fold_7': 0.8053172399096262, 'fold_8': 0.7401812766405211, 'fold_9': 0.7871368150558453}",{},0.813,0.582
