,Plot,height_95p,canopy_cover_50p,canopy_cover_75p,plot_volume2,VCI,CAP,LPI,NDVI705,GNDVI,EVI,VOG2,MCARI2,MTVI,PBI,EVI2,GDD,PREC,LAI,date,hybrid_or_inbred,pedigree,nitrogen_treatment
0,6451.0,1.05556695,52.28,29.49,0.096254284,0.814624274,14.78589773,0.008586323,0.653345,0.6859,0.4938675,-0.28117,0.799675,0.523105,7.018335,0.571125,911.0,58.928,1.371,20220624,hybrid,PHB47/PHK76,no_nitrogen_variants_for_genotyping
1,6452.0,0.955041489,61.98,32.75,0.301503247,0.746110049,15.14138173,0.008285004,0.63965,0.680755,0.47506,-0.26342,0.770755,0.50747,6.865735,0.556095,911.0,58.928,1.702,20220624,hybrid,LH195/MO17,no_nitrogen_variants_for_genotyping
2,6453.0,1.087,51.29,26.19,0.060754297,0.846368983,15.17696768,0.008619628,0.651415,0.692865,0.4674925,-0.30155,0.77658,0.47976,7.422855,0.542935,911.0,58.928,1.26,20220624,hybrid,PHJ40/PHAJ0,no_nitrogen_variants_for_genotyping
3,6454.0,1.00065946,56.8,29.13,0.070260683,0.946907733,14.70366622,0.009395973,0.65331,0.69467,0.46392,-0.304865,0.77221,0.482985,7.545175,0.54361,911.0,58.928,1.412,20220624,hybrid,PHG29/PHG47,no_nitrogen_variants_for_genotyping
4,6455.0,0.976656643,59.18,32.64,0.154490242,0.896398865,14.4798569,0.00951087,0.627035,0.676155,0.454965,-0.27393,0.72789,0.47421,6.923695,0.529055,911.0,58.928,1.389,20220624,hybrid,LH244/PHN82,no_nitrogen_variants_for_genotyping
5,6456.0,0.993,61.36,36.72,0.105957561,0.833688457,15.27540341,0.009260484,0.63322,0.677795,0.4661625,-0.259185,0.75445,0.48854,6.80755,0.54209,911.0,58.928,1.486,20220624,hybrid,LH244/MO17,no_nitrogen_variants_for_genotyping
6,6457.0,0.971,55.19,33.0,0.073388267,0.981767473,15.20429974,0.00964453,0.639315,0.67963,0.4739075,-0.266465,0.761365,0.494675,6.90212,0.547495,911.0,58.928,1.58,20220624,hybrid,B73/MO17,no_nitrogen_variants_for_genotyping
7,6458.0,1.004,55.39,32.4,0.073746297,0.903899586,14.7390421,0.010268447,0.64371,0.69003,0.4658925,-0.30601,0.758285,0.473665,7.48923,0.53597,911.0,58.928,1.626,20220624,hybrid,LH244/PHK76,no_nitrogen_variants_for_genotyping
8,6459.0,1.044025,58.82,39.46,0.209455506,0.887784828,14.8924575,0.010297146,0.64589,0.68635,0.4636275,-0.305365,0.759195,0.48836,7.312985,0.54488,911.0,58.928,1.618,20220624,hybrid,PHJ89/PH207,no_nitrogen_variants_for_genotyping
9,6460.0,1.092788743,58.46,37.06,0.066661756,0.775934091,14.69017129,0.010034404,0.651105,0.67925,0.4912625,-0.270425,0.793725,0.52102,6.851305,0.56665,911.0,58.928,1.627,20220624,hybrid,PHB47/PHZ51,no_nitrogen_variants_for_genotyping
10,6461.0,0.997,47.5,24.88,0.096426694,0.857432336,14.93136077,0.008015114,0.6598,0.69712,0.4698475,-0.320795,0.760775,0.476505,7.90157,0.53744,911.0,58.928,1.345,20220624,hybrid,B73/PHK76,no_nitrogen_variants_for_genotyping
11,6462.0,0.964,48.41,24.69,0.1303654,0.776431206,14.1010063,0.008156607,0.637665,0.676895,0.439735,-0.28384,0.722935,0.45466,7.07006,0.51324,911.0,58.928,1.462,20220624,hybrid,B73/PHZ51,no_nitrogen_variants_for_genotyping
12,6463.0,0.964,59.93,32.18,0.284130967,0.817481792,14.51997515,0.008018787,0.660245,0.70053,0.4767225,-0.324765,0.770715,0.48378,7.92522,0.5449,911.0,58.928,1.661,20220624,hybrid,B73/PHN82,no_nitrogen_variants_for_genotyping
13,6464.0,0.904,49.62,24.49,0.131126718,0.875785659,14.86711202,0.007759672,0.65298,0.68999,0.4674875,-0.310625,0.74874,0.48143,7.642845,0.53889,911.0,58.928,1.638,20220624,hybrid,LH195/PHK76,no_nitrogen_variants_for_genotyping
14,6465.0,0.910325,40.95,19.38,0.050893541,0.852747677,14.05782812,0.008122534,0.63988,0.67083,0.4540525,-0.26864,0.734425,0.475735,6.839335,0.5276,911.0,58.928,1.19,20220624,hybrid,TX714/PHZ51,no_nitrogen_variants_for_genotyping
15,6466.0,0.9243,45.81,20.26,0.106912547,0.696130412,14.0322087,0.007712224,0.62481,0.669445,0.4253025,-0.2739,0.70103,0.44778,6.8189,0.505485,911.0,58.928,1.5,20220624,hybrid,LH244/PHZ51,no_nitrogen_variants_for_genotyping
16,6467.0,0.96,61.71,27.1,0.276459783,0.827500031,14.95351467,0.007724138,0.657845,0.699825,0.4886075,-0.31207,0.769835,0.502715,7.80012,0.557585,911.0,58.928,1.853,20220624,hybrid,LH195/PHN82,no_nitrogen_variants_for_genotyping
17,6468.0,1.083,65.39,36.77,0.36595393,0.702855749,15.04316487,0.007387083,0.652645,0.68124,0.4989025,-0.27096,0.797405,0.53851,6.951255,0.58003,911.0,58.928,1.863,20220624,hybrid,PHB47/MO17,no_nitrogen_variants_for_genotyping
18,6469.0,1.046675,58.85,32.15,0.252860946,0.839670837,14.75296646,0.007407016,0.635125,0.668195,0.4757675,-0.2661,0.75574,0.505445,6.609775,0.55183,911.0,58.928,1.494,20220624,hybrid,LH145/LH82,no_nitrogen_variants_for_genotyping
19,6470.0,0.912,49.08,24.9,0.191560581,0.850753469,14.43656589,0.007874902,0.664175,0.69691,0.4999325,-0.307045,0.78938,0.504965,7.634925,0.55993,911.0,58.928,1.696,20220624,hybrid,LH195/PHZ51,no_nitrogen_variants_for_genotyping
20,6471.0,1.1835,59.53,36.21,0.17617731,0.782327722,14.97678719,0.007782966,0.65737,0.70215,0.4740575,-0.32672,0.758155,0.474635,7.78162,0.538405,911.0,58.928,1.667,20220624,hybrid,PHRE1/PHTD5,no_nitrogen_variants_for_genotyping
21,6472.0,1.084,67.64,39.03,0.34274366,0.952052722,15.27751007,0.007341374,0.653475,0.688445,0.4853025,-0.295,0.77995,0.526055,7.212235,0.57115,911.0,58.928,1.838,20220624,hybrid,PHB47/PHN82,no_nitrogen_variants_for_genotyping
22,6473.0,1.016,52.1,25.02,0.080830055,0.927092897,15.01142704,0.007735234,0.64235,0.67599,0.45122,-0.282335,0.75351,0.47811,6.960105,0.533085,911.0,58.928,1.509,20220624,hybrid,TX714/PHZ51,no_nitrogen_variants_for_genotyping
23,6474.0,1.088,63.65,33.04,0.202849515,0.878107936,14.30067828,0.008299739,0.64081,0.678975,0.477575,-0.28363,0.7691,0.50501,6.88843,0.554275,911.0,58.928,1.832,20220624,hybrid,LH145/LH82,no_nitrogen_variants_for_genotyping
24,6475.0,1.0965,68.49,40.02,0.277481295,0.866669843,14.56308949,0.008005947,0.6522,0.68804,0.5001925,-0.29326,0.786435,0.52971,7.252315,0.57581,911.0,58.928,1.762,20220624,hybrid,PHB47/PHN82,no_nitrogen_variants_for_genotyping
25,6476.0,1.135,61.13,33.25,0.16997142,0.733144446,15.41366528,0.007698229,0.64139,0.69017,0.4514275,-0.31399,0.739395,0.456615,7.55465,0.522375,911.0,58.928,1.565,20220624,hybrid,PHRE1/PHTD5,no_nitrogen_variants_for_genotyping
26,6477.0,1.0456,50.98,23.95,0.098476707,0.851121973,15.54748131,0.00779163,0.63143,0.679225,0.43348,-0.296085,0.696085,0.436415,7.126195,0.49941,911.0,58.928,1.417,20220624,hybrid,B73/PHZ51,no_nitrogen_variants_for_genotyping
27,6478.0,1.111,60.18,32.5,0.195915867,0.75176037,14.94199663,0.007893995,0.65512,0.690325,0.480895,-0.2931,0.77434,0.4981,7.346885,0.55151,911.0,58.928,1.604,20220624,hybrid,PHB47/PHZ51,no_nitrogen_variants_for_genotyping
28,6479.0,1.021,59.48,31.58,0.255333879,0.917480136,14.65130526,0.007929765,0.65192,0.69219,0.48234,-0.297555,0.778005,0.49572,7.38567,0.552115,911.0,58.928,1.512,20220624,hybrid,B73/MO17,no_nitrogen_variants_for_genotyping
29,6480.0,0.93,59.95,30.16,0.334909914,0.782246773,15.30344442,0.007549205,0.635575,0.68737,0.447155,-0.30301,0.7134,0.445995,7.481565,0.51059,911.0,58.928,1.75,20220624,hybrid,LH195/PHN82,no_nitrogen_variants_for_genotyping
30,6481.0,0.918,54.85,26.43,0.191584979,0.899915123,14.86031666,0.008423586,0.62477,0.678135,0.4236925,-0.296155,0.6927,0.432795,7.1998,0.49639,911.0,58.928,1.488,20220624,hybrid,B73/PHN82,no_nitrogen_variants_for_genotyping
31,6482.0,0.982,59.72,31.13,0.152159916,0.902259408,15.21954464,0.008308605,0.63368,0.676425,0.4616675,-0.27582,0.749955,0.47475,6.86317,0.531535,911.0,58.928,1.453,20220624,hybrid,LH244/MO17,no_nitrogen_variants_for_genotyping
32,6483.0,0.946,44.86,22.77,0.08238962,0.722782577,14.48068292,0.008234325,0.610555,0.657875,0.425145,-0.26599,0.684565,0.43856,6.409565,0.49613,911.0,58.928,1.352,20220624,hybrid,LH244/PHZ51,no_nitrogen_variants_for_genotyping
33,6484.0,1.022301604,60.17,35.25,0.221175733,0.852506121,14.86183797,0.008453085,0.640785,0.68408,0.4452025,-0.31481,0.741005,0.468985,7.26888,0.528655,911.0,58.928,1.604,20220624,hybrid,PHJ89/PH207,no_nitrogen_variants_for_genotyping
34,6485.0,0.972,45.89,24.73,0.088611817,0.814510063,14.67526988,0.008748906,0.654695,0.699255,0.455615,-0.329625,0.75607,0.455665,7.891365,0.52266,911.0,58.928,1.264,20220624,hybrid,B73/PHK76,no_nitrogen_variants_for_genotyping
35,6486.0,0.969,53.84,26.33,0.179459952,0.753231176,14.91291022,0.008556411,0.64322,0.68762,0.4642175,-0.314725,0.743055,0.466345,7.420805,0.52791,911.0,58.928,1.606,20220624,hybrid,LH244/PHK76,no_nitrogen_variants_for_genotyping
36,6487.0,0.9885,59.64,30.24,0.179916554,0.865430148,14.78319115,0.008417002,0.6437,0.687415,0.467535,-0.303205,0.763905,0.488025,7.25548,0.544465,911.0,58.928,1.829,20220624,hybrid,LH244/PHN82,no_nitrogen_variants_for_genotyping
37,6488.0,1.091,64.5,41.17,0.229929206,0.792073322,15.5261663,0.008451554,0.666305,0.69711,0.497815,-0.30974,0.801105,0.519755,7.507135,0.57037,911.0,58.928,1.865,20220624,hybrid,PHB47/PHK76,no_nitrogen_variants_for_genotyping
38,6489.0,1.051,63.11,36.36,0.282883725,0.848318586,15.02903043,0.008485877,0.64526,0.6775,0.486345,-0.26216,0.789265,0.52441,6.665675,0.568015,911.0,58.928,1.822,20220624,hybrid,PHB47/MO17,no_nitrogen_variants_for_genotyping
39,6490.0,0.89545,48.3,19.65,0.136824095,0.883246297,14.76316954,0.008497724,0.65644,0.689445,0.46295,-0.305095,0.76987,0.47395,7.416265,0.533725,911.0,58.928,1.752,20220624,hybrid,LH195/PHZ51,no_nitrogen_variants_for_genotyping
40,6491.0,0.928,58.49,29.08,0.246494168,0.891833497,14.66142543,0.007779507,0.638975,0.68187,0.468385,-0.27316,0.75051,0.483455,6.98808,0.53827,911.0,58.928,1.71,20220624,hybrid,LH195/MO17,no_nitrogen_variants_for_genotyping
41,6492.0,0.9,50.29,21.76,0.146618032,0.732298508,15.14193901,0.007601672,0.643405,0.692955,0.439615,-0.305975,0.72807,0.43779,7.5819,0.505595,911.0,58.928,1.686,20220624,hybrid,LH195/PHK76,no_nitrogen_variants_for_genotyping
42,6493.0,1.084,46.11,20.98,0.0650307,0.961774956,15.1403005,0.007867821,0.641,0.6905,0.4358275,-0.300535,0.728115,0.432665,7.26324,0.50243,911.0,58.928,1.412,20220624,hybrid,PHJ40/PHAJ0,no_nitrogen_variants_for_genotyping
43,6494.0,0.957,49.11,23.41,0.086727037,0.763392161,14.70223728,0.008045052,0.649985,0.69492,0.44702,-0.307335,0.7373,0.44252,7.677095,0.507925,911.0,58.928,1.618,20220624,hybrid,PHG29/PHG47,no_nitrogen_variants_for_genotyping
44,6495.0,0.761,16.88,4.81,0.019599314,0.891929672,13.8590304,0.007829978,0.54963,0.61868,0.34602,-0.215995,0.52142,0.36264,5.223455,0.424995,911.0,58.928,0.7267,20220624,inbred,PH207,no_nitrogen_variants_for_genotyping
45,6496.0,0.726625,22.17,10.31,0.0,0.857314176,14.44991476,0.00777087,0.55413,0.603655,0.3735125,-0.18037,0.571445,0.40871,4.889565,0.45736,911.0,58.928,0.7675,20220624,inbred,LH145,no_nitrogen_variants_for_genotyping
46,6497.0,0.628,25.43,9.41,0.034581446,0.848842035,13.83794452,0.00767628,0.632285,0.670145,0.4296525,-0.239515,0.702595,0.42638,6.586505,0.487085,911.0,58.928,0.9592,20220624,inbred,W22-UNIFORM MU STRAIN,no_nitrogen_variants_for_genotyping
47,6498.0,0.818,29.34,13.5,0.02025054,0.825400771,13.64729578,0.007612833,0.59377,0.648595,0.4109125,-0.210125,0.64096,0.41163,5.84747,0.470265,911.0,58.928,1.085,20220624,inbred,PHRE1,no_nitrogen_variants_for_genotyping
48,6499.0,0.7695,29.76,13.07,0.014739934,0.769481894,14.42116966,0.007669552,0.5789,0.635885,0.370715,-0.214865,0.58922,0.382955,5.61597,0.442905,911.0,58.928,0.9815,20220624,inbred,PHT69,no_nitrogen_variants_for_genotyping
49,6500.0,0.725,27.25,10.57,0.051327678,0.712966517,11.91490726,0.007941911,0.56585,0.632865,0.3585525,-0.2335,0.537595,0.355165,5.70147,0.42208,911.0,58.928,0.8871,20220624,inbred,PHTD5,no_nitrogen_variants_for_genotyping
50,6501.0,0.8055,23.79,6.01,0.027829851,0.905353932,13.82400994,0.006947546,0.57735,0.61928,0.3873075,-0.20183,0.612755,0.40938,5.239525,0.46246,911.0,58.928,0.8992,20220624,inbred,PHJ40,no_nitrogen_variants_for_genotyping
51,6502.0,0.584825,27.96,9.65,0.086065914,0.772789119,14.62435307,0.006603774,0.59374,0.642985,0.389635,-0.221795,0.623575,0.403355,5.7898,0.461565,911.0,58.928,0.871,20220624,inbred,LH195,no_nitrogen_variants_for_genotyping
52,6503.0,0.7255,20.97,9.05,0.014509651,0.848660329,13.58370742,0.006789525,0.57916,0.638175,0.358195,-0.221905,0.565495,0.35888,5.696145,0.42436,911.0,58.928,0.8088,20220624,inbred,B84,no_nitrogen_variants_for_genotyping
53,6504.0,0.69045,14.57,5.64,0.0,0.907410576,7.480834746,0.007015434,0.56293,0.63114,0.3356325,-0.22582,0.511375,0.3294,5.5967,0.399535,911.0,58.928,0.5851,20220624,inbred,PHAJ0,no_nitrogen_variants_for_genotyping
54,6505.0,0.709675,24.06,10.78,0.013345048,0.743657646,14.3185367,0.006610009,0.592035,0.633445,0.3875675,-0.216725,0.63066,0.408935,5.594745,0.463595,911.0,58.928,0.7989,20220624,inbred,PHJ89,no_nitrogen_variants_for_genotyping
55,6506.0,0.613,15.23,6.24,0.0,0.77344228,9.751142217,0.007127584,0.549785,0.607015,0.3682525,-0.16647,0.50624,0.37311,4.838665,0.427825,911.0,58.928,0.7845,20220624,inbred,PHZ51,no_nitrogen_variants_for_genotyping
56,6507.0,0.6785,5.18,1.43,0.0,0.952819531,0.349429273,0.022808732,0.55304,0.613,0.34791,-0.18511,0.5376,0.36535,5.07518,0.41878,911.0,58.928,0.01791,20220624,inbred,TX714,no_nitrogen_variants_for_genotyping
57,6508.0,0.648325,26.92,11.43,0.050159104,0.715715603,14.77743123,0.006683854,0.55865,0.618125,0.3623925,-0.194995,0.552685,0.38737,5.1757,0.44312,911.0,58.928,0.864,20220624,inbred,PHP02,no_nitrogen_variants_for_genotyping
58,6509.0,0.709,29.42,13.35,0.069134975,0.822181192,14.87286206,0.006680983,0.558655,0.62074,0.37207,-0.193535,0.57003,0.39604,5.200435,0.45293,911.0,58.928,0.7545,20220624,inbred,PHR03,no_nitrogen_variants_for_genotyping
59,6510.0,0.8545,44.11,22.32,0.187399805,0.633303806,14.57623344,0.006966561,0.60343,0.642365,0.43507,-0.226275,0.68392,0.450245,5.75648,0.499935,911.0,58.928,1.114,20220624,inbred,PHB47,no_nitrogen_variants_for_genotyping
60,6511.0,0.725,26.79,9.53,0.018132456,0.851500282,13.48944393,0.007905138,0.57065,0.622445,0.386955,-0.18599,0.581695,0.40026,5.29479,0.454245,911.0,58.928,0.7565,20220624,inbred,LH82,no_nitrogen_variants_for_genotyping
61,6512.0,0.704,31.06,13.86,0.024440672,0.692425137,13.02626985,0.007526882,0.604475,0.66107,0.3812175,-0.24468,0.63433,0.37691,6.4073,0.444265,911.0,58.928,0.7322,20220624,inbred,B73,no_nitrogen_variants_for_genotyping
62,6513.0,0.629,26.26,11.36,0.028973282,0.837420796,14.22789718,0.007471448,0.54863,0.60279,0.3930425,-0.15168,0.558695,0.415105,4.813705,0.460555,911.0,58.928,0.777,20220624,inbred,MO17,no_nitrogen_variants_for_genotyping
63,6514.0,0.697,35.27,16.7,0.091862352,0.869802675,14.36767771,0.007673756,0.633885,0.66287,0.431585,-0.259915,0.727615,0.4428,6.351845,0.49987,911.0,58.928,1.126,20220624,inbred,PHW65,no_nitrogen_variants_for_genotyping
64,6515.0,0.6555,29.14,12.91,0.026611988,0.784072619,14.42340339,0.007569204,0.60378,0.652335,0.4292675,-0.208725,0.68135,0.439505,5.97795,0.49494,911.0,58.928,0.9074,20220624,inbred,LH185,no_nitrogen_variants_for_genotyping
65,6516.0,0.714775,36.67,16.23,0.120528871,0.816368132,14.16387638,0.007850174,0.556695,0.631345,0.340915,-0.22721,0.52137,0.347665,5.646355,0.41475,911.0,58.928,1.107,20220624,inbred,LH244,no_nitrogen_variants_for_genotyping
66,6517.0,0.869,35.38,14.93,0.057526559,0.936081911,13.94971989,0.008038124,0.59948,0.65617,0.40473,-0.227835,0.644625,0.40464,6.152625,0.46828,911.0,58.928,1.029,20220624,inbred,PHRE1,no_nitrogen_variants_for_genotyping
67,6518.0,0.816,25.97,7.88,0.021217663,0.813190925,14.2949388,0.00733868,0.615705,0.65951,0.4047075,-0.24817,0.66401,0.40644,6.354125,0.46721,911.0,58.928,1.048,20220624,inbred,PHJ89,no_nitrogen_variants_for_genotyping
68,6519.0,0.618,21.13,8.12,0.015947424,0.898493204,14.33754075,0.007245627,0.58243,0.63877,0.3927875,-0.19156,0.617305,0.4123,5.64869,0.46708,911.0,58.928,0.6069,20220624,inbred,LH185,no_nitrogen_variants_for_genotyping
69,6520.0,0.633575,26.97,7.5,0.061798936,0.858988661,12.82910899,0.007843137,0.640015,0.68174,0.4334,-0.259255,0.70972,0.421915,7.00354,0.48561,911.0,58.928,1.111,20220624,inbred,W22-UNIFORM MU STRAIN,no_nitrogen_variants_for_genotyping
70,6521.0,0.674,32.78,12.58,0.123224284,0.713085497,13.93131655,0.007749363,0.574985,0.630255,0.38725,-0.20839,0.59802,0.403005,5.595055,0.456555,911.0,58.928,1.349,20220624,inbred,PHP02,no_nitrogen_variants_for_genotyping
71,6522.0,0.638,25.73,11.22,0.052284716,0.717244898,14.19460516,0.007172866,0.56158,0.61058,0.3903175,-0.167795,0.58421,0.42007,5.053465,0.466455,911.0,58.928,0.7724,20220624,inbred,LH82,no_nitrogen_variants_for_genotyping
72,6523.0,0.715,31.26,14.39,0.052770931,0.783245356,14.51280736,0.007388643,0.58828,0.63658,0.3921725,-0.203705,0.625275,0.407105,5.657,0.46187,911.0,58.928,0.9852,20220624,inbred,PHR03,no_nitrogen_variants_for_genotyping
73,6524.0,0.632,21.1,8.76,0.006395455,0.899924506,13.44166905,0.007857223,0.563935,0.612565,0.375255,-0.17537,0.56161,0.386545,5.117615,0.440135,911.0,58.928,0.8026,20220624,inbred,PHZ51,no_nitrogen_variants_for_genotyping
74,6525.0,0.577,37.05,15.34,0.187855828,0.976547739,14.06154704,0.007546356,0.610525,0.65446,0.415885,-0.22874,0.66343,0.41576,6.14976,0.47413,911.0,58.928,0.949,20220624,inbred,LH195,no_nitrogen_variants_for_genotyping
75,6526.0,0.65,32.97,15.05,0.094572923,0.918058142,14.11744856,0.007688928,0.57895,0.63188,0.373465,-0.2283,0.591555,0.38194,5.62893,0.44277,911.0,58.928,1.206,20220624,inbred,PH207,no_nitrogen_variants_for_genotyping
76,6527.0,0.6705,29.27,13.02,0.020969943,0.571258758,14.12379383,0.007780371,0.55414,0.60339,0.4057275,-0.15212,0.58326,0.433255,4.848035,0.474525,911.0,58.928,0.7463,20220624,inbred,MO17,no_nitrogen_variants_for_genotyping
77,6528.0,0.809,34.26,16.69,0.058097351,0.895849393,13.89582145,0.007889102,0.59946,0.64127,0.4049075,-0.2212,0.66014,0.41596,5.73291,0.47347,911.0,58.928,1.017,20220624,inbred,PHT69,no_nitrogen_variants_for_genotyping
78,6529.0,0.752,12.31,7.85,0.001067335,0.798713548,5.30455571,0.012402551,0.54591,0.596085,0.336565,-0.184565,0.480865,0.34595,4.87676,0.399205,911.0,58.928,0.0,20220624,inbred,TX714,no_nitrogen_variants_for_genotyping
79,6530.0,0.874,48.61,30.19,0.397533092,0.755992212,14.23032653,0.007604976,0.627725,0.652075,0.4542275,-0.232745,0.75364,0.495255,5.943,0.537345,911.0,58.928,1.09,20220624,inbred,PHB47,no_nitrogen_variants_for_genotyping
80,6531.0,0.778,21.76,8.99,0.011901184,0.828107701,8.909230897,0.00811124,0.582845,0.64988,0.3617925,-0.233575,0.578755,0.35587,6.104675,0.42515,911.0,58.928,1.362,20220624,inbred,B84,no_nitrogen_variants_for_genotyping
81,6532.0,0.682,29.44,11.51,0.056072462,0.884493683,14.47128823,0.007565114,0.59923,0.654535,0.3663825,-0.23375,0.619935,0.37296,6.191215,0.438645,911.0,58.928,1.085,20220624,inbred,B73,no_nitrogen_variants_for_genotyping
82,6533.0,0.7995,30.83,13.48,0.043502358,0.735260791,14.34883441,0.007375408,0.59423,0.63401,0.40251,-0.20475,0.63761,0.4108,5.497645,0.465845,911.0,58.928,1.031,20220624,inbred,PHJ40,no_nitrogen_variants_for_genotyping
83,6534.0,0.694825,15.01,6.62,0.0,0.978440664,7.779719487,0.008164217,0.56451,0.641345,0.31647,-0.228365,0.48805,0.302835,5.9676,0.376955,911.0,58.928,0.6114,20220624,inbred,PHAJ0,no_nitrogen_variants_for_genotyping
84,6535.0,0.68585,32.47,11.89,0.104196617,0.909265987,14.3276618,0.007847534,0.62114,0.654315,0.4297725,-0.24376,0.701235,0.43776,6.08735,0.492095,911.0,58.928,1.255,20220624,inbred,PHW65,no_nitrogen_variants_for_genotyping
85,6536.0,0.6975,36.47,15.93,0.083480562,0.755812722,15.2554924,0.007696537,0.57253,0.63606,0.351305,-0.229305,0.55393,0.35779,5.69472,0.42311,911.0,58.928,1.267,20220624,inbred,LH244,no_nitrogen_variants_for_genotyping
86,6537.0,0.6965,30.03,16.2,0.072598385,0.917764299,14.73739557,0.007296987,0.55808,0.610545,0.360005,-0.18764,0.558565,0.386795,5.05244,0.44002,911.0,58.928,0.737,20220624,inbred,LH145,no_nitrogen_variants_for_genotyping
87,6538.0,0.715,28.74,9.0,0.069325536,0.806234636,14.56548018,0.007602911,0.56949,0.63564,0.3526525,-0.229165,0.543785,0.35186,5.726985,0.419365,911.0,58.928,1.071,20220624,inbred,PHTD5,no_nitrogen_variants_for_genotyping
88,6451.0,1.9515,81.94,48.9,0.06570115,0.790133761,14.24108386,0.016680567,0.79606,0.76785,0.66238,-0.593185,0.97488,0.665955,11.18245,0.71239,1391.0,74.422,3.676,20220714,hybrid,PHB47/PHK76,no_nitrogen_variants_for_genotyping
89,6452.0,1.8555,87.51,63.59,0.175505369,0.799034846,14.75301547,0.015948963,0.81201,0.777035,0.708655,-0.59902,0.99569,0.72,11.65438,0.75729,1391.0,74.422,4.073,20220714,hybrid,LH195/MO17,no_nitrogen_variants_for_genotyping
90,6453.0,1.845957911,80.68,46.32,0.092161002,0.944616955,14.75197181,0.016364699,0.775945,0.765685,0.60598,-0.56458,0.971795,0.59899,10.99356,0.659135,1391.0,74.422,3.424,20220714,hybrid,PHJ40/PHAJ0,no_nitrogen_variants_for_genotyping
91,6454.0,1.85,87.5,55.51,0.158974481,0.613103412,13.42343064,0.016476403,0.77938,0.771725,0.675835,-0.61176,0.98659,0.71502,11.80215,0.748025,1391.0,74.422,4.145,20220714,hybrid,PHG29/PHG47,no_nitrogen_variants_for_genotyping
92,6455.0,1.8945,86.24,49.77,0.073184595,0.723292405,14.28372863,0.017098192,0.80939,0.7861,0.691765,-0.662045,0.991565,0.69922,12.781635,0.74517,1391.0,74.422,3.707,20220714,hybrid,LH244/PHN82,no_nitrogen_variants_for_genotyping
93,6456.0,1.9815,87.57,58.01,0.140124717,0.861684467,14.32962147,0.016116035,0.81609,0.78543,0.71152,-0.63829,0.998085,0.722155,12.436055,0.76232,1391.0,74.422,3.768,20220714,hybrid,LH244/MO17,no_nitrogen_variants_for_genotyping
94,6457.0,2.0535,82.82,53.02,0.039115595,0.839406681,14.61311184,0.016320821,0.812035,0.781105,0.67961,-0.621285,0.993475,0.681015,12.19239,0.729885,1391.0,74.422,3.1,20220714,hybrid,B73/MO17,no_nitrogen_variants_for_genotyping
95,6458.0,1.9265,83.98,52.56,0.087830853,0.926686997,14.08499593,0.016676593,0.8154,0.787715,0.697425,-0.66432,0.99183,0.69465,12.779985,0.743365,1391.0,74.422,3.86,20220714,hybrid,LH244/PHK76,no_nitrogen_variants_for_genotyping
96,6459.0,1.9115,89.36,62.77,0.187618132,0.628748567,14.5050536,0.016277177,0.771215,0.761845,0.66327,-0.571225,0.985115,0.71196,10.89256,0.74076,1391.0,74.422,3.341,20220714,hybrid,PHJ89/PH207,no_nitrogen_variants_for_genotyping
97,6460.0,2.03475,87.56,51.39,0.088770193,0.890055461,14.84223925,0.016045845,0.797515,0.75797,0.685745,-0.563305,0.995995,0.70702,10.641045,0.741395,1391.0,74.422,3.688,20220714,hybrid,PHB47/PHZ51,no_nitrogen_variants_for_genotyping
98,6461.0,2.0045,79.69,44.43,0.042267766,0.969227329,13.82508932,0.016674607,0.82342,0.79629,0.66751,-0.707915,0.98912,0.64104,13.775765,0.70687,1391.0,74.422,3.368,20220714,hybrid,B73/PHK76,no_nitrogen_variants_for_genotyping
99,6462.0,2.0775,77.65,41.69,0.057931021,0.751998168,13.3723487,0.016704451,0.80532,0.774685,0.65589,-0.63525,0.983885,0.654035,11.867985,0.707815,1391.0,74.422,3.167,20220714,hybrid,B73/PHZ51,no_nitrogen_variants_for_genotyping
100,6463.0,1.9065,84.08,49.09,0.101071066,0.717517047,13.70969041,0.017100281,0.822665,0.79506,0.69968,-0.709275,0.99212,0.703,13.783625,0.750585,1391.0,74.422,3.837,20220714,hybrid,B73/PHN82,no_nitrogen_variants_for_genotyping
101,6464.0,1.7275,80.87,40.2,0.070246756,0.833992183,14.44658956,0.017882233,0.822185,0.79638,0.685615,-0.707945,0.979565,0.66438,13.888635,0.724165,1391.0,74.422,3.717,20220714,hybrid,LH195/PHK76,no_nitrogen_variants_for_genotyping
102,6465.0,2.0155,74.42,36.18,0.013104621,0.836595922,9.7559808,0.019191227,0.79997,0.772155,0.63433,-0.611735,0.968315,0.618775,11.56563,0.679955,1391.0,74.422,2.623,20220714,hybrid,TX714/PHZ51,no_nitrogen_variants_for_genotyping
103,6466.0,1.9725,76.94,36.6,0.025368646,0.623300518,11.25010812,0.017601207,0.81391,0.786065,0.65633,-0.670425,0.98728,0.639445,12.51757,0.70066,1391.0,74.422,3.072,20220714,hybrid,LH244/PHZ51,no_nitrogen_variants_for_genotyping
104,6467.0,1.814,84.9,45.21,0.099214816,0.759561545,14.46576062,0.017290354,0.831435,0.80188,0.711425,-0.7323,0.99523,0.703745,14.306275,0.75419,1391.0,74.422,4.138,20220714,hybrid,LH195/PHN82,no_nitrogen_variants_for_genotyping
105,6468.0,2.0385,83.33,49.16,0.079927707,0.981381163,13.1302788,0.017002672,0.804995,0.77267,0.68188,-0.6064,0.985105,0.686315,11.862815,0.73153,1391.0,74.422,3.417,20220714,hybrid,PHB47/MO17,no_nitrogen_variants_for_genotyping
106,6469.0,1.9085,84.54,47.41,0.042075012,0.742609484,13.38095978,0.017623364,0.762745,0.74464,0.64669,-0.52271,0.9715,0.67821,10.091235,0.711575,1391.0,74.422,3.759,20220714,hybrid,LH145/LH82,no_nitrogen_variants_for_genotyping
107,6470.0,1.821975,77.86,42.09,0.034812285,0.97987672,12.34562582,0.018279149,0.819475,0.79193,0.691995,-0.688485,0.98413,0.6785,13.06495,0.73365,1391.0,74.422,3.5,20220714,hybrid,LH195/PHZ51,no_nitrogen_variants_for_genotyping
108,6471.0,1.9955,86.08,55.55,0.208657118,0.821122021,13.71398255,0.01614205,0.765195,0.75904,0.640815,-0.57975,0.97504,0.668695,10.675335,0.711155,1391.0,74.422,2.879,20220714,hybrid,PHRE1/PHTD5,no_nitrogen_variants_for_genotyping
109,6472.0,1.963,86.97,56.48,0.144570693,0.831438227,14.44444062,0.016170016,0.788305,0.76507,0.688175,-0.58962,0.98267,0.718655,11.35233,0.749255,1391.0,74.422,4.112,20220714,hybrid,PHB47/PHN82,no_nitrogen_variants_for_genotyping
110,6473.0,2.1035,75.61,34.42,0.023094352,0.657967782,14.02123025,0.016472526,0.7888,0.762365,0.647655,-0.576195,0.97331,0.646825,10.75153,0.698245,1391.0,74.422,3.317,20220714,hybrid,TX714/PHZ51,no_nitrogen_variants_for_genotyping
111,6474.0,1.907975,89.39,48.58,0.12127385,0.862361313,12.73965266,0.016977929,0.75885,0.739595,0.669505,-0.5043,0.98799,0.724585,9.769105,0.742425,1391.0,74.422,3.958,20220714,hybrid,LH145/LH82,no_nitrogen_variants_for_genotyping
112,6475.0,1.9415,88.17,51.12,0.077434551,0.813321956,14.08686036,0.016658734,0.78566,0.75712,0.697685,-0.56426,0.98942,0.73848,10.668465,0.76151,1391.0,74.422,3.818,20220714,hybrid,PHB47/PHN82,no_nitrogen_variants_for_genotyping
113,6476.0,1.933,85.94,54.57,0.182305419,0.753481352,15.04827339,0.015891033,0.76274,0.759045,0.637615,-0.565105,0.972575,0.66239,10.68328,0.706,1391.0,74.422,3.683,20220714,hybrid,PHRE1/PHTD5,no_nitrogen_variants_for_genotyping
114,6477.0,2.1365,77.98,39.24,0.025748588,0.969554027,11.9828973,0.015961692,0.78473,0.762725,0.638725,-0.58587,0.97671,0.645245,11.02676,0.695415,1391.0,74.422,3.286,20220714,hybrid,B73/PHZ51,no_nitrogen_variants_for_genotyping
115,6478.0,2.14915,86.58,54.03,0.057675394,0.992286618,14.31742828,0.015819209,0.79752,0.7609,0.701915,-0.58941,0.994455,0.7318,11.07462,0.760655,1391.0,74.422,3.698,20220714,hybrid,PHB47/PHZ51,no_nitrogen_variants_for_genotyping
116,6479.0,2.122595166,81.28,49.74,0.115067704,0.723871594,13.29415246,0.015822785,0.80306,0.777605,0.68207,-0.61936,0.98955,0.68874,11.71619,0.734875,1391.0,74.422,2.976,20220714,hybrid,B73/MO17,no_nitrogen_variants_for_genotyping
117,6480.0,1.7915,85.16,35.25,0.11689073,0.699800526,14.32691671,0.015564202,0.81429,0.78892,0.71122,-0.668395,0.99642,0.721335,12.93378,0.762205,1391.0,74.422,4.041,20220714,hybrid,LH195/PHN82,no_nitrogen_variants_for_genotyping
118,6481.0,1.953525,81.78,40.82,0.054508293,0.894429084,14.06161847,0.015557284,0.81726,0.79289,0.6892,-0.67092,0.989785,0.688015,13.21948,0.73857,1391.0,74.422,3.748,20220714,hybrid,B73/PHN82,no_nitrogen_variants_for_genotyping
119,6482.0,2.0295,84.41,47.07,0.0804927,0.635993926,14.58096416,0.015270506,0.81588,0.78991,0.703635,-0.632715,0.990625,0.704855,12.87031,0.751205,1391.0,74.422,3.467,20220714,hybrid,LH244/MO17,no_nitrogen_variants_for_genotyping
120,6483.0,1.976,76.94,38.66,0.033937627,0.97148328,13.18057294,0.016032982,0.80054,0.773835,0.6654,-0.598145,0.98606,0.66527,11.5612,0.714725,1391.0,74.422,3.224,20220714,hybrid,LH244/PHZ51,no_nitrogen_variants_for_genotyping
121,6484.0,1.931798473,88.33,60.57,0.172400742,0.716191753,13.97665186,0.016532829,0.77535,0.76773,0.671655,-0.58866,0.978595,0.716445,11.470365,0.74616,1391.0,74.422,3.951,20220714,hybrid,PHJ89/PH207,no_nitrogen_variants_for_genotyping
122,6485.0,1.9515,77.87,39.0,0.05459655,0.941608265,13.92642591,0.016810759,0.8095,0.786855,0.66018,-0.650745,0.980235,0.643845,12.85367,0.70403,1391.0,74.422,3.123,20220714,hybrid,B73/PHK76,no_nitrogen_variants_for_genotyping
123,6486.0,1.8545,81.83,47.65,0.053406332,0.700247172,14.3779876,0.01614205,0.80894,0.786015,0.67533,-0.653495,0.98431,0.66057,12.570945,0.71803,1391.0,74.422,3.178,20220714,hybrid,LH244/PHK76,no_nitrogen_variants_for_genotyping
124,6487.0,1.8985,83.99,47.79,0.079114341,0.964308866,14.90891348,0.015938069,0.80947,0.786225,0.691385,-0.64965,0.99312,0.70012,12.870295,0.744335,1391.0,74.422,3.651,20220714,hybrid,LH244/PHN82,no_nitrogen_variants_for_genotyping
125,6488.0,2.0385,83.8,48.54,0.060044002,0.795089119,14.59260094,0.016273393,0.807965,0.775245,0.694855,-0.618885,0.987835,0.70522,11.836875,0.744945,1391.0,74.422,3.653,20220714,hybrid,PHB47/PHK76,no_nitrogen_variants_for_genotyping
126,6489.0,1.9995,85.14,49.53,0.056259803,0.784506101,14.12593396,0.016315115,0.805685,0.775045,0.69469,-0.56875,0.996505,0.704255,11.65912,0.74446,1391.0,74.422,3.759,20220714,hybrid,PHB47/MO17,no_nitrogen_variants_for_genotyping
127,6490.0,1.8055,79.15,40.07,0.033622507,0.772177502,13.43232924,0.017423771,0.818975,0.7927,0.689485,-0.66189,0.984085,0.674215,12.92532,0.72953,1391.0,74.422,3.883,20220714,hybrid,LH195/PHZ51,no_nitrogen_variants_for_genotyping
128,6491.0,1.8575,87.69,60.23,0.148720452,0.951711493,14.46027908,0.0171191,0.810145,0.777815,0.70489,-0.60807,0.990035,0.714945,11.779725,0.7539,1391.0,74.422,3.899,20220714,hybrid,LH195/MO17,no_nitrogen_variants_for_genotyping
129,6492.0,1.7762,80.05,46.12,0.055184801,0.594521575,14.71187768,0.016513329,0.807455,0.77687,0.66067,-0.63361,0.98044,0.64857,12.10777,0.70399,1391.0,74.422,3.417,20220714,hybrid,LH195/PHK76,no_nitrogen_variants_for_genotyping
130,6493.0,1.8385,76.54,40.34,0.035741613,0.867879109,14.47098497,0.016871535,0.764945,0.751725,0.58305,-0.535105,0.96459,0.579455,10.299885,0.639145,1391.0,74.422,2.977,20220714,hybrid,PHJ40/PHAJ0,no_nitrogen_variants_for_genotyping
131,6494.0,1.8465,84.26,48.96,0.096957483,0.955035122,13.05407607,0.016564127,0.75594,0.75007,0.62114,-0.533445,0.962225,0.647205,10.21193,0.69014,1391.0,74.422,3.804,20220714,hybrid,PHG29/PHG47,no_nitrogen_variants_for_genotyping
132,6495.0,1.4635,56.04,10.14,0.024254858,0.816384951,13.82887713,0.017719276,0.691345,0.708275,0.45165,-0.44486,0.79317,0.43518,8.468075,0.507915,1391.0,74.422,2.393,20220714,inbred,PH207,no_nitrogen_variants_for_genotyping
133,6496.0,1.4535,57.83,24.2,0.043478913,0.86960865,11.49910606,0.017971759,0.65369,0.670715,0.434685,-0.33476,0.74358,0.439585,6.970755,0.496685,1391.0,74.422,2.039,20220714,inbred,LH145,no_nitrogen_variants_for_genotyping
134,6497.0,1.3218,63.08,31.15,0.090416395,0.726029053,13.19993557,0.018027298,0.734985,0.72933,0.51398,-0.457365,0.845785,0.490495,9.08278,0.557985,1391.0,74.422,2.716,20220714,inbred,W22-UNIFORM MU STRAIN,no_nitrogen_variants_for_genotyping
135,6498.0,1.3907,62.75,27.81,0.063616922,0.921987912,13.87561004,0.017077336,0.686965,0.712895,0.464715,-0.401915,0.775565,0.439955,8.43645,0.510855,1391.0,74.422,2.272,20220714,inbred,PHRE1,no_nitrogen_variants_for_genotyping
136,6499.0,1.5919,69.92,34.35,0.0774053,0.736188544,13.48422589,0.016802688,0.719185,0.72034,0.497295,-0.4467,0.863835,0.480415,8.694425,0.550625,1391.0,74.422,2.561,20220714,inbred,PHT69,no_nitrogen_variants_for_genotyping
137,6500.0,1.4295,70.51,30.95,0.132045637,0.998087154,13.82551276,0.017627802,0.686055,0.715505,0.476325,-0.43989,0.808635,0.468195,8.6385,0.538465,1391.0,74.422,2.161,20220714,inbred,PHTD5,no_nitrogen_variants_for_genotyping
138,6501.0,1.5745,58.98,19.17,0.057442598,0.983998345,11.71256203,0.016062414,0.685625,0.70173,0.488265,-0.40929,0.804775,0.481785,8.04034,0.545075,1391.0,74.422,1.917,20220714,inbred,PHJ40,no_nitrogen_variants_for_genotyping
139,6502.0,1.143,71.67,19.78,0.20634571,0.875730319,14.50688238,0.016625104,0.73662,0.73397,0.529635,-0.47181,0.881365,0.514885,9.36882,0.58084,1391.0,74.422,2.754,20220714,inbred,LH195,no_nitrogen_variants_for_genotyping
140,6503.0,1.4095,56.72,29.01,0.054465468,0.993319643,13.97692211,0.016841092,0.6921,0.725415,0.459,-0.468495,0.765845,0.4184,9.145805,0.501895,1391.0,74.422,1.767,20220714,inbred,B84,no_nitrogen_variants_for_genotyping
141,6504.0,1.5015,46.3,18.97,0.003832791,0.974050298,6.850946876,0.018367882,0.62035,0.69662,0.386385,-0.36419,0.602865,0.349055,7.859035,0.43299,1391.0,74.422,1.297,20220714,inbred,PHAJ0,no_nitrogen_variants_for_genotyping
142,6505.0,1.433925,69.55,36.82,0.095059408,0.983999585,14.24370862,0.016730402,0.71485,0.71974,0.49923,-0.468535,0.83693,0.48057,9.06955,0.55056,1391.0,74.422,1.785,20220714,inbred,PHJ89,no_nitrogen_variants_for_genotyping
143,6506.0,1.4105,55.35,22.66,0.024242374,0.891159192,12.62047521,0.017346054,0.687465,0.69515,0.4683,-0.365425,0.78797,0.4401,7.42972,0.509965,1391.0,74.422,1.841,20220714,inbred,PHZ51,no_nitrogen_variants_for_genotyping
144,6507.0,1.605625,23.93,7.21,0.020823713,0.90782147,0.476817926,0.055467512,0.59699,0.65859,0.36272,-0.33786,0.6012,0.35368,6.47074,0.42432,1391.0,74.422,0.5298,20220714,inbred,TX714,no_nitrogen_variants_for_genotyping
145,6508.0,1.3915,68.64,28.99,0.064723139,0.802433362,14.49845273,0.016853256,0.683245,0.702505,0.45849,-0.41515,0.77744,0.44635,8.1736,0.514055,1391.0,74.422,2.056,20220714,inbred,PHP02,no_nitrogen_variants_for_genotyping
146,6509.0,1.3755,65.16,31.6,0.126275534,0.469455438,14.33462457,0.016832993,0.70145,0.725005,0.476905,-0.439185,0.784115,0.440255,9.213055,0.5178,1391.0,74.422,2.164,20220714,inbred,PHR03,no_nitrogen_variants_for_genotyping
147,6510.0,1.5775,76.47,39.03,0.054381962,0.946719797,13.93083077,0.017852589,0.742535,0.733155,0.553425,-0.475675,0.89145,0.53661,9.363525,0.599295,1391.0,74.422,2.545,20220714,inbred,PHB47,no_nitrogen_variants_for_genotyping
148,6511.0,1.3395,57.87,18.29,0.026684603,0.948978478,13.51171736,0.018501388,0.676745,0.68686,0.477845,-0.363275,0.772475,0.465005,7.754165,0.52554,1391.0,74.422,2.015,20220714,inbred,LH82,no_nitrogen_variants_for_genotyping
149,6512.0,1.5305,74.76,31.67,0.066317591,0.724375249,13.55656291,0.016389604,0.728755,0.722345,0.536315,-0.43185,0.887285,0.539935,8.876095,0.59667,1391.0,74.422,2.598,20220714,inbred,B73,no_nitrogen_variants_for_genotyping
150,6513.0,1.3509,64.02,30.07,0.106633752,0.66812484,13.9915718,0.01664487,0.665965,0.67999,0.48495,-0.308765,0.778785,0.483305,7.33154,0.5376,1391.0,74.422,2.05,20220714,inbred,MO17,no_nitrogen_variants_for_genotyping
151,6514.0,1.322425,64.37,30.84,0.091263478,0.849692454,13.6704665,0.016515277,0.72058,0.72273,0.546345,-0.49249,0.8569,0.545065,9.10274,0.60289,1391.0,74.422,2.173,20220714,inbred,PHW65,no_nitrogen_variants_for_genotyping
152,6515.0,1.351875,68.06,30.64,0.062220498,0.991935557,13.7898104,0.017131669,0.706695,0.71155,0.53782,-0.40092,0.84791,0.53528,8.36633,0.59148,1391.0,74.422,2.434,20220714,inbred,LH185,no_nitrogen_variants_for_genotyping
153,6516.0,1.486825,73.87,32.07,0.069101292,0.546937518,13.93734235,0.016403046,0.720495,0.72228,0.542925,-0.460305,0.917335,0.556205,8.82543,0.6124,1391.0,74.422,2.667,20220714,inbred,LH244,no_nitrogen_variants_for_genotyping
154,6517.0,1.4685,70.22,31.37,0.066437274,0.978850359,13.63042745,0.016955311,0.694745,0.71809,0.49971,-0.42916,0.81383,0.47808,8.731915,0.54787,1391.0,74.422,1.901,20220714,inbred,PHRE1,no_nitrogen_variants_for_genotyping
155,6518.0,1.537925,66.34,12.72,0.121304269,0.957039425,14.02580775,0.015576324,0.719485,0.721055,0.521705,-0.481625,0.85515,0.519155,9.17423,0.58172,1391.0,74.422,2.244,20220714,inbred,PHJ89,no_nitrogen_variants_for_genotyping
156,6519.0,1.304,61.03,24.86,0.064649495,0.991765547,14.40504406,0.015869417,0.68787,0.703565,0.4919,-0.383655,0.7934,0.484425,8.107485,0.54579,1391.0,74.422,1.936,20220714,inbred,LH185,no_nitrogen_variants_for_genotyping
157,6520.0,1.3335,71.79,31.14,0.104513341,0.928742431,13.59102433,0.016568047,0.75344,0.74221,0.583765,-0.491815,0.908555,0.574695,9.659785,0.63316,1391.0,74.422,2.592,20220714,inbred,W22-UNIFORM MU STRAIN,no_nitrogen_variants_for_genotyping
158,6521.0,1.4085,72.85,30.19,0.065603561,0.858746067,12.96056835,0.016433854,0.71299,0.719735,0.525015,-0.437445,0.88108,0.53003,8.711695,0.5894,1391.0,74.422,2.721,20220714,inbred,PHP02,no_nitrogen_variants_for_genotyping
159,6522.0,1.3075,57.76,20.15,0.0328326,0.970408922,14.46075455,0.016507487,0.669955,0.690095,0.45388,-0.338435,0.74077,0.429995,7.51041,0.495355,1391.0,74.422,1.777,20220714,inbred,LH82,no_nitrogen_variants_for_genotyping
160,6523.0,1.413,66.51,35.76,0.097271966,0.949562101,14.21330165,0.016130891,0.712525,0.727785,0.49418,-0.417825,0.82421,0.467095,8.870895,0.538215,1391.0,74.422,1.885,20220714,inbred,PHR03,no_nitrogen_variants_for_genotyping
161,6524.0,1.3795,64.22,24.55,0.044938815,0.976944683,12.82414349,0.017220172,0.706565,0.70924,0.493235,-0.36249,0.82949,0.46891,7.910315,0.533655,1391.0,74.422,1.998,20220714,inbred,PHZ51,no_nitrogen_variants_for_genotyping
162,6525.0,1.132,80.4,37.38,0.416856911,0.797102873,14.27927492,0.017008869,0.74968,0.74032,0.568195,-0.4753,0.924575,0.56146,9.563115,0.621975,1391.0,74.422,2.915,20220714,inbred,LH195,no_nitrogen_variants_for_genotyping
163,6526.0,1.435,71.39,39.78,0.113625157,0.89624921,13.46128524,0.01664487,0.68898,0.70751,0.46732,-0.40889,0.82014,0.464775,7.952835,0.530635,1391.0,74.422,1.853,20220714,inbred,PH207,no_nitrogen_variants_for_genotyping
164,6527.0,1.4475,66.06,28.42,0.091421024,0.98912358,13.7635765,0.017417268,0.708075,0.70957,0.488655,-0.344065,0.831965,0.46846,7.940085,0.531495,1391.0,74.422,2.08,20220714,inbred,MO17,no_nitrogen_variants_for_genotyping
165,6528.0,1.7155,69.5,41.67,0.114771957,0.937597089,13.19193059,0.016155089,0.739995,0.73092,0.523915,-0.46848,0.90889,0.51278,8.90097,0.57955,1391.0,74.422,2.164,20220714,inbred,PHT69,no_nitrogen_variants_for_genotyping
166,6529.0,1.71335,23.26,8.36,0.016820437,0.977342973,0.762217648,0.028391807,0.586415,0.64067,0.32108,-0.300165,0.515275,0.307225,6.13857,0.375635,1391.0,74.422,0.8974,20220714,inbred,TX714,no_nitrogen_variants_for_genotyping
167,6530.0,1.66785,78.89,43.97,0.143802844,0.950307828,13.3591644,0.016808741,0.761235,0.736855,0.5593,-0.47505,0.93487,0.541965,9.47313,0.60333,1391.0,74.422,2.287,20220714,inbred,PHB47,no_nitrogen_variants_for_genotyping
168,6531.0,1.4765,54.82,21.26,0.018613012,0.768770199,10.32546955,0.020904883,0.734995,0.75034,0.46503,-0.534385,0.817475,0.409695,10.419945,0.497705,1391.0,74.422,2.037,20220714,inbred,B84,no_nitrogen_variants_for_genotyping
169,6532.0,1.557625,72.09,28.58,0.034246777,0.862034961,13.60355229,0.018198362,0.744845,0.732105,0.52911,-0.475115,0.90461,0.520805,9.176845,0.584705,1391.0,74.422,2.267,20220714,inbred,B73,no_nitrogen_variants_for_genotyping
170,6533.0,1.5305,65.7,33.72,0.061738985,0.865321462,14.4986602,0.017836667,0.70086,0.700455,0.47337,-0.39729,0.826005,0.465625,7.868915,0.52709,1391.0,74.422,1.736,20220714,inbred,PHJ40,no_nitrogen_variants_for_genotyping
171,6534.0,1.4371,39.49,13.11,0.279314247,0.852798286,4.080831462,0.01973777,0.60584,0.683965,0.36506,-0.355645,0.56156,0.33494,7.553485,0.41523,1391.0,74.422,1.233,20220714,inbred,PHAJ0,no_nitrogen_variants_for_genotyping
172,6535.0,1.359875,59.99,20.42,0.06839774,0.741326871,12.75135905,0.018523419,0.719485,0.72374,0.50402,-0.51682,0.82103,0.480775,9.45608,0.55191,1391.0,74.422,2.018,20220714,inbred,PHW65,no_nitrogen_variants_for_genotyping
173,6536.0,1.4025,71.83,23.53,0.043729425,0.833622796,15.24853054,0.01783894,0.71949,0.722225,0.506315,-0.47696,0.881735,0.497015,8.897145,0.565155,1391.0,74.422,2.207,20220714,inbred,LH244,no_nitrogen_variants_for_genotyping
174,6537.0,1.4465,63.3,25.96,0.047735487,0.789387711,14.0629922,0.017755231,0.671575,0.675025,0.442205,-0.357965,0.770875,0.44679,7.065245,0.504145,1391.0,74.422,1.946,20220714,inbred,LH145,no_nitrogen_variants_for_genotyping
175,6538.0,1.4515,67.84,37.14,0.049674948,0.824680197,13.57285383,0.018751674,0.66878,0.700825,0.451635,-0.421145,0.76879,0.444605,8.136645,0.51524,1391.0,74.422,1.992,20220714,inbred,PHTD5,no_nitrogen_variants_for_genotyping
176,6451.0,2.367,80.69,48.3,0.001264189,0.0,7.108094671,0.014234875,0.58804,0.709515,0.468655,-0.25126,0.671615,0.472455,7.51314,0.52862,2476.0,157.988,2.532,20220831,hybrid,PHB47/PHK76,no_nitrogen_variants_for_genotyping
177,6452.0,2.620249822,89.97,54.34,0.007576478,0.930081939,13.23378507,0.011283043,0.703245,0.763625,0.590985,-0.402215,0.93351,0.592605,9.87665,0.64691,2476.0,157.988,2.85,20220831,hybrid,LH195/MO17,no_nitrogen_variants_for_genotyping
178,6453.0,2.366999018,66.17,11.4,0.0,0.920572743,7.763811858,0.013267627,0.510435,0.71902,0.353745,-0.214065,0.41206,0.31653,8.172405,0.401805,2476.0,157.988,1.614,20220831,hybrid,PHJ40/PHAJ0,no_nitrogen_variants_for_genotyping
179,6454.0,1.969291676,63.2,42.35,0.0,0.0,11.31832069,0.015444015,0.446115,0.69382,0.32568,-0.168405,0.32525,0.30001,7.36262,0.380925,2476.0,157.988,2.163,20220831,hybrid,PHG29/PHG47,no_nitrogen_variants_for_genotyping
180,6455.0,2.4915,82.35,38.1,0.000991401,0.581126559,6.188303202,0.014249364,0.65036,0.74011,0.546055,-0.329615,0.847115,0.55254,8.54018,0.605645,2476.0,157.988,3.045,20220831,hybrid,LH244/PHN82,no_nitrogen_variants_for_genotyping
181,6456.0,2.722251605,86.34,55.13,0.0,0.913262197,11.96350288,0.013783598,0.69177,0.76902,0.564245,-0.38963,0.90276,0.553565,10.10671,0.616335,2476.0,157.988,1.916,20220831,hybrid,LH244/MO17,no_nitrogen_variants_for_genotyping
182,6457.0,2.7295,80.78,54.24,0.0,0.621080396,10.01151092,0.014412189,0.665645,0.75986,0.509245,-0.339835,0.82274,0.48238,9.33829,0.555845,2476.0,157.988,2.134,20220831,hybrid,B73/MO17,no_nitrogen_variants_for_genotyping
183,6458.0,2.4735,81.76,42.54,0.001215716,0.879532234,6.633085218,0.014242116,0.632595,0.741565,0.50702,-0.301945,0.780715,0.49812,8.65059,0.56121,2476.0,157.988,2.165,20220831,hybrid,LH244/PHK76,no_nitrogen_variants_for_genotyping
184,6459.0,2.2605,81.44,42.75,0.004582152,0.0,7.567322731,0.014262429,0.593555,0.72155,0.446695,-0.25941,0.654775,0.43776,7.97638,0.50426,2476.0,157.988,2.124,20220831,hybrid,PHJ89/PH207,no_nitrogen_variants_for_genotyping
185,6460.0,2.443068487,87.71,48.27,0.001878435,0.990568069,9.942282007,0.01232069,0.55629,0.67749,0.448555,-0.235845,0.617615,0.46939,6.55857,0.519565,2476.0,157.988,2.626,20220831,hybrid,PHB47/PHZ51,no_nitrogen_variants_for_genotyping
186,6461.0,2.40545,77.18,47.03,0.002076945,0.93618348,9.538520313,0.012899659,0.600825,0.726135,0.447095,-0.28038,0.64809,0.431795,8.025815,0.500355,2476.0,157.988,2.1,20220831,hybrid,B73/PHK76,no_nitrogen_variants_for_genotyping
187,6462.0,2.5986,80.59,48.06,0.000714907,0.839402323,10.64596141,0.012719179,0.62916,0.718735,0.495435,-0.28793,0.771365,0.50272,7.633225,0.554685,2476.0,157.988,2.052,20220831,hybrid,B73/PHZ51,no_nitrogen_variants_for_genotyping
188,6463.0,2.3905,87.65,46.0,0.001367703,0.775831935,10.81923268,0.012376238,0.65275,0.73987,0.53288,-0.31787,0.842895,0.53936,8.50313,0.591755,2476.0,157.988,2.653,20220831,hybrid,B73/PHN82,no_nitrogen_variants_for_genotyping
189,6464.0,2.2595,81.01,31.65,0.001394688,0.580577053,5.659495587,0.012461059,0.63777,0.74143,0.499285,-0.308435,0.768995,0.484485,8.601965,0.55098,2476.0,157.988,2.469,20220831,hybrid,LH195/PHK76,no_nitrogen_variants_for_genotyping
190,6465.0,2.63995,77.19,44.42,0.0,0.677519632,8.146094977,0.014211755,0.62416,0.72303,0.484785,-0.27999,0.7415,0.474865,7.5562,0.535155,2476.0,157.988,2.139,20220831,hybrid,TX714/PHZ51,no_nitrogen_variants_for_genotyping
191,6466.0,2.5755,78.46,44.05,0.0,0.0,7.997550573,0.013171512,0.596325,0.698595,0.46244,-0.26205,0.689475,0.47438,6.98444,0.52513,2476.0,157.988,1.969,20220831,hybrid,LH244/PHZ51,no_nitrogen_variants_for_genotyping
192,6467.0,2.3055,88.74,48.38,0.002249525,0.697512306,13.98468816,0.011201792,0.6787,0.76101,0.560635,-0.36868,0.88584,0.55214,9.746505,0.613375,2476.0,157.988,3.308,20220831,hybrid,LH195/PHN82,no_nitrogen_variants_for_genotyping
193,6468.0,2.5225,81.55,49.22,0.0,0.0,9.166313797,0.01162115,0.515495,0.67389,0.401215,-0.19278,0.491085,0.40379,6.34774,0.46371,2476.0,157.988,2.025,20220831,hybrid,PHB47/MO17,no_nitrogen_variants_for_genotyping
194,6469.0,2.2039,72.98,22.91,0.001357446,0.0,10.17749162,0.012565069,0.443735,0.66616,0.31624,-0.16013,0.306255,0.2898,6.407495,0.369025,2476.0,157.988,1.856,20220831,hybrid,LH145/LH82,no_nitrogen_variants_for_genotyping
195,6470.0,2.502,85.35,46.68,0.001752169,0.0,9.573169608,0.012060648,0.680575,0.74715,0.5584,-0.36092,0.88912,0.560235,8.971085,0.613365,2476.0,157.988,2.737,20220831,hybrid,LH195/PHZ51,no_nitrogen_variants_for_genotyping
196,6471.0,2.0185,63.46,37.44,0.015593968,0.0,8.937876623,0.013510905,0.42413,0.658615,0.29099,-0.155425,0.26959,0.267435,5.861155,0.34552,2476.0,157.988,1.889,20220831,hybrid,PHRE1/PHTD5,no_nitrogen_variants_for_genotyping
197,6472.0,2.2564,85.69,55.23,0.008163142,0.0,13.62335127,0.010351201,0.58326,0.689865,0.484065,-0.238335,0.697205,0.50965,6.429075,0.550215,2476.0,157.988,2.375,20220831,hybrid,PHB47/PHN82,no_nitrogen_variants_for_genotyping
198,6473.0,2.68,79.2,40.82,0.002514244,0.0,7.572298498,0.010537408,0.60768,0.705295,0.462575,-0.259775,0.69301,0.46016,6.752945,0.51606,2476.0,157.988,2.05,20220831,hybrid,TX714/PHZ51,no_nitrogen_variants_for_genotyping
199,6474.0,2.141,59.09,6.91,0.022788181,0.0,7.599513027,0.012780719,0.3916,0.67044,0.263865,-0.136895,0.215135,0.225015,6.306625,0.311785,2476.0,157.988,1.757,20220831,hybrid,LH145/LH82,no_nitrogen_variants_for_genotyping
200,6475.0,2.1915,86.05,52.2,0.015149062,0.892370067,13.76309861,0.010352732,0.56944,0.6811,0.472895,-0.220285,0.664745,0.50032,6.128345,0.539705,2476.0,157.988,2.314,20220831,hybrid,PHB47/PHN82,no_nitrogen_variants_for_genotyping
201,6476.0,2.124925,61.3,23.92,0.006621613,0.0,6.643710402,0.013548824,0.40337,0.649745,0.273555,-0.139005,0.234265,0.24693,5.671395,0.326275,2476.0,157.988,1.596,20220831,hybrid,PHRE1/PHTD5,no_nitrogen_variants_for_genotyping
202,6477.0,2.594625,77.46,48.32,0.0,0.578175588,14.34120915,0.012394865,0.56687,0.682985,0.424275,-0.22992,0.598995,0.433785,6.266705,0.48658,2476.0,157.988,2.034,20220831,hybrid,B73/PHZ51,no_nitrogen_variants_for_genotyping
203,6478.0,2.4875,80.37,59.44,0.002405938,0.0,14.38193813,0.011433238,0.509085,0.65959,0.37483,-0.19689,0.449865,0.37973,5.85249,0.439585,2476.0,157.988,2.177,20220831,hybrid,PHB47/PHZ51,no_nitrogen_variants_for_genotyping
204,6479.0,2.6255,76.77,50.47,0.00103888,0.720668426,10.7371897,0.012335889,0.5911,0.71643,0.450155,-0.26507,0.65491,0.444215,7.28754,0.507625,2476.0,157.988,1.992,20220831,hybrid,B73/MO17,no_nitrogen_variants_for_genotyping
205,6480.0,2.2655,87.14,36.64,0.008390036,0.791507797,13.02423029,0.010036562,0.682905,0.76888,0.572115,-0.398265,0.89282,0.572325,9.89527,0.63005,2476.0,157.988,3.322,20220831,hybrid,LH195/PHN82,no_nitrogen_variants_for_genotyping
206,6481.0,2.4325,85.94,39.63,0.001518632,0.931575061,5.682023885,0.011141175,0.683815,0.76194,0.561255,-0.385285,0.902935,0.553485,9.489955,0.615835,2476.0,157.988,2.843,20220831,hybrid,B73/PHN82,no_nitrogen_variants_for_genotyping
207,6482.0,2.6465,84.73,48.4,0.0,0.0,11.52662194,0.011087352,0.685835,0.76734,0.55068,-0.372085,0.87946,0.531305,9.76953,0.598975,2476.0,157.988,2.411,20220831,hybrid,LH244/MO17,no_nitrogen_variants_for_genotyping
208,6483.0,2.590675,79.63,40.95,0.0,0.579464911,11.95844076,0.012046119,0.584405,0.696555,0.456125,-0.25531,0.6552,0.459045,6.896765,0.51522,2476.0,157.988,2.183,20220831,hybrid,LH244/PHZ51,no_nitrogen_variants_for_genotyping
209,6484.0,2.2083,77.19,49.04,0.00158376,0.663888399,11.24702872,0.012698413,0.56558,0.70232,0.42039,-0.233985,0.589125,0.420135,6.89256,0.482455,2476.0,157.988,2.004,20220831,hybrid,PHJ89/PH207,no_nitrogen_variants_for_genotyping
210,6485.0,2.297296381,78.05,49.8,0.001526675,0.0,11.57782519,0.011654041,0.59933,0.71568,0.450275,-0.263755,0.65374,0.43492,7.52262,0.502785,2476.0,157.988,1.827,20220831,hybrid,B73/PHK76,no_nitrogen_variants_for_genotyping
211,6486.0,2.2815,81.89,46.64,0.005812976,0.0,12.07293134,0.010964054,0.615645,0.718135,0.478585,-0.27968,0.716075,0.465325,7.48911,0.529465,2476.0,157.988,2.067,20220831,hybrid,LH244/PHK76,no_nitrogen_variants_for_genotyping
212,6487.0,2.399127586,83.85,37.59,0.002552448,0.0,8.437791459,0.009857767,0.669135,0.754265,0.558815,-0.34785,0.871845,0.55034,9.075875,0.61018,2476.0,157.988,2.872,20220831,hybrid,LH244/PHN82,no_nitrogen_variants_for_genotyping
213,6488.0,2.3665,83.9,49.14,0.0,0.0,10.85696152,0.011134086,0.562345,0.703995,0.437955,-0.228515,0.588565,0.429055,6.905565,0.49432,2476.0,157.988,2.198,20220831,hybrid,PHB47/PHK76,no_nitrogen_variants_for_genotyping
214,6489.0,2.5185,87.45,53.76,0.002557013,0.0,10.46082527,0.011847339,0.57473,0.715745,0.44387,-0.248205,0.61469,0.433005,7.59435,0.501595,2476.0,157.988,2.41,20220831,hybrid,PHB47/MO17,no_nitrogen_variants_for_genotyping
215,6490.0,2.4965,89.27,53.71,0.005285561,0.923189425,12.19450622,0.011198208,0.69717,0.760435,0.59055,-0.39672,0.93391,0.5931,9.533695,0.64662,2476.0,157.988,2.952,20220831,hybrid,LH195/PHZ51,no_nitrogen_variants_for_genotyping
216,6491.0,2.6705,91.46,52.6,0.0,0.926090576,11.62099967,0.011958657,0.724,0.781795,0.61408,-0.44289,0.96219,0.61069,11.05261,0.66727,2476.0,157.988,3.185,20220831,hybrid,LH195/MO17,no_nitrogen_variants_for_genotyping
217,6492.0,2.3077,86.35,35.07,0.0,0.575594081,11.37451699,0.011985275,0.687525,0.764025,0.54582,-0.37495,0.88938,0.52387,9.935255,0.592145,2476.0,157.988,2.871,20220831,hybrid,LH195/PHK76,no_nitrogen_variants_for_genotyping
218,6493.0,1.94985,67.21,28.45,0.0,0.0,12.36271789,0.013843568,0.500635,0.71087,0.351565,-0.19918,0.3978,0.322685,7.592285,0.40483,2476.0,157.988,1.714,20220831,hybrid,PHJ40/PHAJ0,no_nitrogen_variants_for_genotyping
219,6494.0,1.9495,57.79,37.25,0.002664773,0.0,10.18418855,0.013794463,0.51431,0.699405,0.36781,-0.204855,0.44339,0.354605,7.149345,0.42549,2476.0,157.988,1.419,20220831,hybrid,PHG29/PHG47,no_nitrogen_variants_for_genotyping
220,6495.0,1.7201,39.85,13.73,0.0,0.755058103,4.654811329,0.015979911,0.39924,0.68417,0.26934,-0.12961,0.199465,0.226095,6.750935,0.31231,2476.0,157.988,1.083,20220831,inbred,PH207,no_nitrogen_variants_for_genotyping
221,6496.0,1.5635,35.47,16.7,0.0,0.0,1.638507035,0.017491254,0.294705,0.70908,0.21103,-0.087935,0.09801,0.1508,7.36123,0.254285,2476.0,157.988,0.9203,20220831,inbred,LH145,no_nitrogen_variants_for_genotyping
222,6497.0,1.85975,63.6,33.52,0.0,0.0,6.89157668,0.013937282,0.47055,0.665235,0.336475,-0.156445,0.3276,0.319045,6.198905,0.38783,2476.0,157.988,1.696,20220831,inbred,W22-UNIFORM MU STRAIN,no_nitrogen_variants_for_genotyping
223,6498.0,1.5515,51.04,16.18,0.0,0.0,4.894367873,0.016347501,0.292355,0.665595,0.2192,-0.0892,0.11665,0.16906,6.60665,0.265005,2476.0,157.988,1.314,20220831,inbred,PHRE1,no_nitrogen_variants_for_genotyping
224,6499.0,1.804625,64.48,40.04,0.010903804,0.0,12.11696745,0.013791745,0.381775,0.6354,0.290485,-0.113005,0.21836,0.27361,5.48206,0.34609,2476.0,157.988,1.533,20220831,inbred,PHT69,no_nitrogen_variants_for_genotyping
225,6500.0,1.6855,38.13,11.62,0.001222115,0.0,2.207844783,0.017690169,0.360865,0.668445,0.24773,-0.120645,0.17578,0.205145,6.42852,0.292705,2476.0,157.988,0.9513,20220831,inbred,PHTD5,no_nitrogen_variants_for_genotyping
226,6501.0,1.6665,52.15,16.78,0.001173876,0.994406795,3.313803823,0.015571127,0.377825,0.67871,0.255005,-0.13562,0.205105,0.211445,6.548125,0.30094,2476.0,157.988,0.6543,20220831,inbred,PHJ40,no_nitrogen_variants_for_genotyping
227,6502.0,1.6205,76.91,27.62,0.01225233,0.0,11.67133647,0.012079379,0.663135,0.775875,0.5099,-0.34211,0.793475,0.465755,10.07008,0.546125,2476.0,157.988,2.392,20220831,inbred,LH195,no_nitrogen_variants_for_genotyping
228,6503.0,1.954325,53.1,31.5,0.0,0.0,5.649120069,0.014395887,0.53783,0.74527,0.373035,-0.23908,0.454635,0.32296,8.665245,0.411065,2476.0,157.988,1.242,20220831,inbred,B84,no_nitrogen_variants_for_genotyping
229,6504.0,1.6935,37.47,13.25,0.0,0.0,0.392922854,0.020426029,0.315135,0.715005,0.206845,-0.10544,0.09866,0.142055,7.83649,0.242955,2476.0,157.988,0.8887,20220831,inbred,PHAJ0,no_nitrogen_variants_for_genotyping
230,6505.0,1.863,63.02,37.9,0.0,0.0,8.405949214,0.014012611,0.487215,0.69175,0.364435,-0.16824,0.40497,0.35079,6.67409,0.41909,2476.0,157.988,1.11,20220831,inbred,PHJ89,no_nitrogen_variants_for_genotyping
231,6506.0,1.9304,56.9,16.06,0.0,0.0,7.148964553,0.01393867,0.478885,0.655235,0.35861,-0.17054,0.38628,0.34565,5.841805,0.41075,2476.0,157.988,1.564,20220831,inbred,PHZ51,no_nitrogen_variants_for_genotyping
232,6507.0,2.4695,42.39,16.4,0.0,0.0,0.182602985,0.044317822,0.45687,0.65422,0.33442,-0.19164,0.39736,0.328,5.73592,0.39479,2476.0,157.988,0.5931,20220831,inbred,TX714,no_nitrogen_variants_for_genotyping
233,6508.0,1.661,54.01,11.99,0.001268428,0.0,10.44237638,0.012867647,0.432085,0.665515,0.302035,-0.146575,0.268645,0.280675,6.08396,0.354945,2476.0,157.988,1.299,20220831,inbred,PHP02,no_nitrogen_variants_for_genotyping
234,6509.0,2.1085,54.74,32.57,0.0,0.740342911,4.768250989,0.013817608,0.568095,0.73618,0.41674,-0.21759,0.53005,0.372505,7.841565,0.44965,2476.0,157.988,1.526,20220831,inbred,PHR03,no_nitrogen_variants_for_genotyping
235,6510.0,2.0015,74.12,31.22,0.00468411,0.0,7.5907971,0.013431833,0.49947,0.686655,0.392905,-0.18332,0.41589,0.376845,6.59613,0.443325,2476.0,157.988,2.149,20220831,inbred,PHB47,no_nitrogen_variants_for_genotyping
236,6511.0,1.9393,27.55,5.22,0.0,0.965959696,1.631318532,0.014571191,0.35125,0.72343,0.24493,-0.13408,0.15338,0.18368,8.067885,0.28646,2476.0,157.988,1.044,20220831,inbred,LH82,no_nitrogen_variants_for_genotyping
237,6512.0,2.07825,73.23,31.14,0.0,0.0,2.761786002,0.01189768,0.59489,0.74702,0.46546,-0.266155,0.66773,0.445785,8.597995,0.51761,2476.0,157.988,2.034,20220831,inbred,B73,no_nitrogen_variants_for_genotyping
238,6513.0,2.006,70.13,45.21,0.00896187,0.0,11.09236642,0.013022044,0.59427,0.71191,0.4413,-0.251545,0.64087,0.435085,6.99142,0.495275,2476.0,157.988,1.747,20220831,inbred,MO17,no_nitrogen_variants_for_genotyping
239,6514.0,1.8735,76.41,35.55,0.0,0.0,8.281901447,0.012316354,0.665615,0.77761,0.52479,-0.36772,0.804625,0.488585,10.123055,0.565215,2476.0,157.988,2.524,20220831,inbred,PHW65,no_nitrogen_variants_for_genotyping
240,6515.0,1.7735,64.73,31.05,0.0,0.0,7.184622242,0.013157895,0.61858,0.73183,0.49788,-0.27018,0.728535,0.492095,7.88254,0.54768,2476.0,157.988,2.096,20220831,inbred,LH185,no_nitrogen_variants_for_genotyping
241,6516.0,2.0365,68.61,27.54,0.0,0.708622256,3.671828625,0.013297872,0.561755,0.71236,0.419175,-0.2356,0.55335,0.40785,6.989355,0.474655,2476.0,157.988,1.869,20220831,inbred,LH244,no_nitrogen_variants_for_genotyping
242,6517.0,1.6245,44.52,7.76,0.0,0.951897834,4.183097986,0.015543466,0.36269,0.696495,0.233165,-0.129875,0.164625,0.17863,7.174505,0.269645,2476.0,157.988,0.9216,20220831,inbred,PHRE1,no_nitrogen_variants_for_genotyping
243,6518.0,1.8756,60.73,35.54,0.0,0.971417857,8.831800478,0.0125,0.47555,0.692885,0.35144,-0.169875,0.38102,0.34247,6.7163,0.41124,2476.0,157.988,1.474,20220831,inbred,PHJ89,no_nitrogen_variants_for_genotyping
244,6519.0,1.7325,57.33,28.87,0.0,0.0,8.398287428,0.012102351,0.602835,0.73863,0.45657,-0.255345,0.64853,0.430845,7.74781,0.49843,2476.0,157.988,1.707,20220831,inbred,LH185,no_nitrogen_variants_for_genotyping
245,6520.0,1.843,68.94,43.43,0.010069087,0.0,11.14261501,0.011764706,0.532255,0.667765,0.38378,-0.209015,0.482995,0.385855,6.086545,0.442745,2476.0,157.988,1.616,20220831,inbred,W22-UNIFORM MU STRAIN,no_nitrogen_variants_for_genotyping
246,6521.0,1.61225,50.98,26.78,0.001567197,0.0,9.199184183,0.013521344,0.369315,0.652985,0.26566,-0.11684,0.186845,0.232445,5.91184,0.31638,2476.0,157.988,1.004,20220831,inbred,PHP02,no_nitrogen_variants_for_genotyping
247,6522.0,1.6505,19.91,3.52,0.0,0.0,0.0,0.013389441,0.285385,0.71268,0.2043,-0.08712,0.08509,0.136305,8.02058,0.239995,2476.0,157.988,0.649,20220831,inbred,LH82,no_nitrogen_variants_for_genotyping
248,6523.0,2.1105,50.2,32.61,0.001913401,0.913704942,4.843414834,0.013250047,0.5401,0.729865,0.383635,-0.19232,0.430525,0.333075,7.7251,0.41415,2476.0,157.988,1.28,20220831,inbred,PHR03,no_nitrogen_variants_for_genotyping
249,6524.0,1.81555,69.63,33.81,0.005395413,0.923712301,7.766433585,0.014342793,0.4894,0.65722,0.37698,-0.169845,0.40543,0.368585,5.782205,0.427705,2476.0,157.988,1.372,20220831,inbred,PHZ51,no_nitrogen_variants_for_genotyping
250,6525.0,1.57055,84.69,36.3,0.0,0.0,12.7069865,0.013009943,0.62771,0.745055,0.496265,-0.30067,0.74183,0.46767,8.41552,0.538895,2476.0,157.988,2.875,20220831,inbred,LH195,no_nitrogen_variants_for_genotyping
251,6526.0,1.7995,52.44,20.11,0.005182673,0.0,7.036851469,0.015774648,0.39385,0.672105,0.263225,-0.13621,0.204435,0.22292,6.319585,0.30717,2476.0,157.988,1.091,20220831,inbred,PH207,no_nitrogen_variants_for_genotyping
252,6527.0,2.003,63.19,44.69,0.005165752,0.0,11.63296647,0.013538343,0.53615,0.67901,0.39247,-0.187505,0.48956,0.38425,6.157365,0.444685,2476.0,157.988,1.364,20220831,inbred,MO17,no_nitrogen_variants_for_genotyping
253,6528.0,1.8835,68.32,41.02,0.0,0.0,12.65470679,0.013157895,0.435375,0.67329,0.320355,-0.149695,0.289735,0.29984,6.143415,0.3756,2476.0,157.988,1.469,20220831,inbred,PHT69,no_nitrogen_variants_for_genotyping
254,6529.0,2.2066,37.59,8.25,0.0,0.823768828,0.898167451,0.024717514,0.50483,0.7301,0.32316,-0.196855,0.358615,0.27297,7.883475,0.35567,2476.0,157.988,0.7443,20220831,inbred,TX714,no_nitrogen_variants_for_genotyping
255,6530.0,2.04475,76.71,36.02,0.007813632,0.0,10.09707204,0.011346138,0.528035,0.6973,0.418185,-0.20487,0.482995,0.398425,6.91515,0.46603,2476.0,157.988,1.913,20220831,inbred,PHB47,no_nitrogen_variants_for_genotyping
256,6531.0,2.0825,70.69,37.83,0.00480167,0.0,8.063084251,0.015471323,0.670475,0.80365,0.487155,-0.367235,0.7602,0.418645,12.291255,0.513975,2476.0,157.988,1.695,20220831,inbred,B84,no_nitrogen_variants_for_genotyping
257,6532.0,2.1015,75.57,32.33,0.0,0.0,5.680226906,0.012828736,0.586135,0.763175,0.44736,-0.25033,0.600025,0.404075,9.47577,0.487385,2476.0,157.988,2.02,20220831,inbred,B73,no_nitrogen_variants_for_genotyping
258,6533.0,1.6965,57.09,10.63,0.022697196,0.0,11.43655112,0.01467813,0.3579,0.693655,0.250645,-0.119945,0.16838,0.200725,7.06123,0.297835,2476.0,157.988,0.967,20220831,inbred,PHJ40,no_nitrogen_variants_for_genotyping
259,6534.0,1.4885,39.04,14.39,0.0,0.0,1.583804606,0.021334959,0.35064,0.72625,0.25366,-0.11193,0.162415,0.19256,7.80354,0.29234,2476.0,157.988,0.8024,20220831,inbred,PHAJ0,no_nitrogen_variants_for_genotyping
260,6535.0,1.8495,72.36,29.61,0.001841081,0.0,4.614371992,0.014307614,0.578825,0.73574,0.44682,-0.26891,0.607865,0.414945,8.541155,0.49134,2476.0,157.988,2.066,20220831,inbred,PHW65,no_nitrogen_variants_for_genotyping
261,6536.0,1.9565,73.09,26.87,0.0,0.0,2.682240506,0.014043535,0.52571,0.71923,0.38921,-0.20775,0.44577,0.361905,7.68927,0.438585,2476.0,157.988,1.858,20220831,inbred,LH244,no_nitrogen_variants_for_genotyping
262,6537.0,1.6875,36.8,9.4,0.0,0.0,0.76597132,0.017969452,0.36359,0.747155,0.257425,-0.12634,0.17355,0.193565,8.885595,0.296395,2476.0,157.988,0.5321,20220831,inbred,LH145,no_nitrogen_variants_for_genotyping
263,6538.0,1.66265,23.01,3.58,0.001185951,0.0,1.768614901,0.01928906,0.372055,0.721605,0.2557,-0.12641,0.18985,0.19847,7.73666,0.29336,2476.0,157.988,0.6941,20220831,inbred,PHTD5,no_nitrogen_variants_for_genotyping
